<?xml version="1.0" encoding="utf-8"?>
<!--/779350/412237/2.48/3/4/Antenna/-->
<quadcept_library>
  <setting unit="mil" />
  <textstyle name="Default" height="47.244094488189" strokewidth="7.8740157480315" charwidth="47.244094488189" />
  <textstyle name="Dimension" height="19.6850393700787" strokewidth="0" charwidth="19.6850393700787" />
  <textstyle name="H127W0635TH00762" height="50" strokewidth="3" charwidth="25" />
  <textstyle name="H15W15TH02" height="59.0551181102362" strokewidth="7.8740157480315" charwidth="59.0551181102362" />
  <padstyle name="r250_120" surface="True" plated="False" isvia="False" nopaste="False" nomask="True" complex="False" holesize="0">
    <padshape layer="TOP" shape="rectangle" width="47.244094488188" height="98.425196850392" />
    <padshape layer="TOP_SOLDER_MASK" shape="rectangle" width="55.11811023622" height="106.29921259842" />
    <padshape layer="TOP_SOLDER_PASTE" shape="rectangle" width="47.244094488188" height="98.425196850392" />
  </padstyle>
  <padstyle name="r120_115" surface="True" plated="False" isvia="False" nopaste="False" nomask="True" complex="False" holesize="0">
    <padshape layer="TOP" shape="rectangle" width="45.275590551181" height="47.244094488188" />
    <padshape layer="TOP_SOLDER_MASK" shape="rectangle" width="53.149606299212" height="55.11811023622" />
    <padshape layer="TOP_SOLDER_PASTE" shape="rectangle" width="45.275590551181" height="47.244094488188" />
  </padstyle>
  <footprint name="RECE.20279.001E.01" originx="0" originy="0" pickpointx="0" pickpointy="0">
    <pcbpin number="1" name="1" style="r250_120" originx="-66.338582677165" originy="0" rotation="0" />
    <pcbpin number="2" name="2" style="r250_120" originx="66.338582677165" originy="0" rotation="0" />
    <pcbpin number="3" name="3" style="r120_115" originx="0" originy="-68.110236220472" rotation="0" />
    <line layer="TOP_ASSEMBLY" originx="-51.181102362204" originy="61.023622047243" endx="51.181102362204" endy="61.023622047243" width="9.9999999999999" />
    <line layer="TOP_ASSEMBLY" originx="51.181102362204" originy="61.023622047243" endx="51.181102362204" endy="-61.023622047243" width="9.9999999999999" />
    <line layer="TOP_ASSEMBLY" originx="51.181102362204" originy="-61.023622047243" endx="-51.181102362204" endy="-61.023622047243" width="9.9999999999999" />
    <line layer="TOP_ASSEMBLY" originx="-51.181102362204" originy="-61.023622047243" endx="-51.181102362204" endy="61.023622047243" width="9.9999999999999" />
    <line layer="TOP_SILKSCREEN" originx="-51.181102362204" originy="61.023622047243" endx="51.181102362204" endy="61.023622047243" width="9.9999999999999" />
  </footprint>
  <symbol name="RECE.20279.001E.01" originx="0" originy="0">
    <line originx="200" originy="100" endx="600" endy="100" width="0" />
    <line originx="600" originy="-200" endx="600" endy="100" width="0" />
    <line originx="600" originy="-200" endx="200" endy="-200" width="0" />
    <line originx="200" originy="100" endx="200" endy="-200" width="0" />
    <sympin number="1" originx="600" originy="0" rotation="0" length="100" width="7.8740157480315" flipped="False">
      <text name="pinname" originx="570" originy="0" style="Default" rotation="0" justify="right" flipped="False" hidden="False" data="1" />
      <text name="pindes" originx="660" originy="20" style="Default" rotation="0" justify="lowerleft" flipped="False" hidden="False" data="1" />
    </sympin>
    <sympin number="2" originx="600" originy="-100" rotation="0" length="100" width="7.8740157480315" flipped="False">
      <text name="pinname" originx="570" originy="-100" style="Default" rotation="0" justify="right" flipped="False" hidden="False" data="2" />
      <text name="pindes" originx="660" originy="-80" style="Default" rotation="0" justify="lowerleft" flipped="False" hidden="False" data="2" />
    </sympin>
    <sympin number="3" originx="200" originy="0" rotation="180" length="100" width="7.8740157480315" flipped="False">
      <text name="pinname" originx="230" originy="0" style="Default" rotation="0" justify="left" flipped="False" hidden="False" data="3" />
      <text name="pindes" originx="140" originy="20" style="Default" rotation="0" justify="lowerright" flipped="False" hidden="False" data="3" />
    </sympin>
  </symbol>
  <component name="RECE.20279.001E.01" designatorprefix="ANT" height="0" footprint="RECE.20279.001E.01">
    <comppin designator="1" sympin="1" pinswap="0" gateswap="0" gate="1" group="1" side="" type="Any" name="1" />
    <comppin designator="2" sympin="2" pinswap="0" gateswap="0" gate="1" group="1" side="" type="Any" name="2" />
    <comppin designator="3" sympin="3" pinswap="0" gateswap="0" gate="1" group="1" side="" type="Any" name="3" />
    <attached_symbol gate="1" name="RECE.20279.001E.01" />
    <pinmap designator="1" footprintpin="1" />
    <pinmap designator="2" footprintpin="2" />
    <pinmap designator="3" footprintpin="3" />
    <text name="Datasheet" originx="0" originy="0" style="Default" rotation="0" justify="" flipped="False" hidden="True" data="http://www.taoglas.com/wp-content/uploads/2016/04/RECE.20279.001E.01.pdf" />
    <text name="Description" originx="0" originy="0" style="Default" rotation="0" justify="" flipped="False" hidden="True" data="IPEX MHF Receptacle" />
    <text name="Manufacturer_Name" originx="0" originy="0" style="Default" rotation="0" justify="" flipped="False" hidden="True" data="Taoglas" />
    <text name="Manufacturer_Part_Number" originx="650" originy="200" style="Default" rotation="0" justify="left" flipped="False" hidden="False" data="RECE.20279.001E.01" />
    <text name="Mouser Part Number" originx="0" originy="0" style="Default" rotation="0" justify="" flipped="False" hidden="True" data="N/A" />
    <text name="Mouser Price/Stock" originx="0" originy="0" style="Default" rotation="0" justify="" flipped="False" hidden="True" data="https://www.mouser.com/Search/Refine.aspx?Keyword=N%2FA" />
    <text name="Arrow Part Number" originx="0" originy="0" style="Default" rotation="0" justify="" flipped="False" hidden="True" data="" />
    <text name="Arrow Price/Stock" originx="0" originy="0" style="Default" rotation="0" justify="" flipped="False" hidden="True" data="" />
  </component>
</quadcept_library>
