<?xml version="1.0" encoding="utf-8"?>
<!--/12985127/412237/2.48/10/4/Integrated Circuit/-->
<quadcept_library>
  <setting unit="mil" />
  <textstyle name="Default" height="47.244094488189" strokewidth="7.8740157480315" charwidth="47.244094488189" />
  <textstyle name="Dimension" height="19.6850393700787" strokewidth="0" charwidth="19.6850393700787" />
  <textstyle name="H127W0635TH00762" height="50" strokewidth="3" charwidth="25" />
  <textstyle name="H15W15TH02" height="59.0551181102362" strokewidth="7.8740157480315" charwidth="59.0551181102362" />
  <padstyle name="r57.5_30" surface="True" plated="False" isvia="False" nopaste="False" nomask="True" complex="False" holesize="0">
    <padshape layer="TOP" shape="rectangle" width="11.811023622047" height="22.63779527559" />
    <padshape layer="TOP_SOLDER_MASK" shape="rectangle" width="19.685039370078" height="30.511811023622" />
    <padshape layer="TOP_SOLDER_PASTE" shape="rectangle" width="11.811023622047" height="22.63779527559" />
  </padstyle>
  <padstyle name="r57.5_25" surface="True" plated="False" isvia="False" nopaste="False" nomask="True" complex="False" holesize="0">
    <padshape layer="TOP" shape="rectangle" width="9.8425196850392" height="22.63779527559" />
    <padshape layer="TOP_SOLDER_MASK" shape="rectangle" width="17.716535433071" height="30.511811023622" />
    <padshape layer="TOP_SOLDER_PASTE" shape="rectangle" width="9.8425196850392" height="22.63779527559" />
  </padstyle>
  <padstyle name="r63_35" surface="True" plated="False" isvia="False" nopaste="False" nomask="True" complex="False" holesize="0">
    <padshape layer="TOP" shape="rectangle" width="13.779527559055" height="24.803149606299" />
    <padshape layer="TOP_SOLDER_MASK" shape="rectangle" width="21.653543307086" height="32.67716535433" />
    <padshape layer="TOP_SOLDER_PASTE" shape="rectangle" width="13.779527559055" height="24.803149606299" />
  </padstyle>
  <footprint name="ADS1115IRUGR" originx="0" originy="0" pickpointx="0" pickpointy="0">
    <pcbpin number="1" name="1" style="r57.5_30" originx="-29.527559055118" originy="-25.11811023622" rotation="0" />
    <pcbpin number="2" name="2" style="r57.5_25" originx="-9.8425196850392" originy="-25.11811023622" rotation="0" />
    <pcbpin number="3" name="3" style="r57.5_25" originx="9.8425196850392" originy="-25.11811023622" rotation="0" />
    <pcbpin number="4" name="4" style="r57.5_30" originx="29.527559055118" originy="-25.11811023622" rotation="0" />
    <pcbpin number="5" name="5" style="r63_35" originx="33.858267716535" originy="0" rotation="90" />
    <pcbpin number="6" name="6" style="r57.5_30" originx="29.527559055118" originy="25.11811023622" rotation="0" />
    <pcbpin number="7" name="7" style="r57.5_25" originx="9.8425196850392" originy="25.11811023622" rotation="0" />
    <pcbpin number="8" name="8" style="r57.5_25" originx="-9.8425196850392" originy="25.11811023622" rotation="0" />
    <pcbpin number="9" name="9" style="r57.5_30" originx="-29.527559055118" originy="25.11811023622" rotation="0" />
    <pcbpin number="10" name="10" style="r63_35" originx="-33.858267716535" originy="0" rotation="90" />
    <line layer="TOP_ASSEMBLY" originx="-39.370078740157" originy="29.527559055118" endx="39.370078740157" endy="29.527559055118" width="7.8740157480314" />
    <line layer="TOP_ASSEMBLY" originx="39.370078740157" originy="29.527559055118" endx="39.370078740157" endy="-29.527559055118" width="7.8740157480314" />
    <line layer="TOP_ASSEMBLY" originx="39.370078740157" originy="-29.527559055118" endx="-39.370078740157" endy="-29.527559055118" width="7.8740157480314" />
    <line layer="TOP_ASSEMBLY" originx="-39.370078740157" originy="-29.527559055118" endx="-39.370078740157" endy="29.527559055118" width="7.8740157480314" />
    <line layer="TOP_PLACE_BOUND" originx="-85.629921259841" originy="75.787401574802" endx="85.629921259841" endy="75.787401574802" width="3.9370078740157" />
    <line layer="TOP_PLACE_BOUND" originx="85.629921259841" originy="75.787401574802" endx="85.629921259841" endy="-88.582677165353" width="3.9370078740157" />
    <line layer="TOP_PLACE_BOUND" originx="85.629921259841" originy="-88.582677165353" endx="-85.629921259841" endy="-88.582677165353" width="3.9370078740157" />
    <line layer="TOP_PLACE_BOUND" originx="-85.629921259841" originy="-88.582677165353" endx="-85.629921259841" endy="75.787401574802" width="3.9370078740157" />
    <line layer="TOP_SILKSCREEN" originx="-39.370078740157" originy="-47.244094488188" endx="-39.370078740157" endy="-47.244094488188" width="3.9370078740157" />
    <arc layer="TOP_SILKSCREEN" originx="-37.401574803149" originy="-47.244094488188" startangle="180.0" sweepangle="180.0" radius="1.9685039370079" width="3.9370078740157" />
    <line layer="TOP_SILKSCREEN" originx="-35.433070866141" originy="-47.244094488188" endx="-35.433070866141" endy="-47.244094488188" width="3.9370078740157" />
    <arc layer="TOP_SILKSCREEN" originx="-37.401574803149" originy="-47.244094488188" startangle=".0" sweepangle="180.0" radius="1.9685039370079" width="3.9370078740157" />
  </footprint>
  <symbol name="ADS1115IRUGR" originx="0" originy="0">
    <line originx="200" originy="400" endx="900" endy="400" width="0" />
    <line originx="900" originy="-700" endx="900" endy="400" width="0" />
    <line originx="900" originy="-700" endx="200" endy="-700" width="0" />
    <line originx="200" originy="400" endx="200" endy="-700" width="0" />
    <sympin number="1" originx="400" originy="-700" rotation="270" length="100" width="7.8740157480315" flipped="False">
      <text name="pinname" originx="400" originy="-670" style="Default" rotation="0" justify="left" flipped="False" hidden="False" data="ADDR" />
      <text name="pindes" originx="380" originy="-760" style="Default" rotation="0" justify="lowerright" flipped="False" hidden="False" data="1" />
    </sympin>
    <sympin number="2" originx="500" originy="-700" rotation="270" length="100" width="7.8740157480315" flipped="False">
      <text name="pinname" originx="500" originy="-670" style="Default" rotation="0" justify="left" flipped="False" hidden="False" data="ALERT/RDY" />
      <text name="pindes" originx="480" originy="-760" style="Default" rotation="0" justify="lowerright" flipped="False" hidden="False" data="2" />
    </sympin>
    <sympin number="3" originx="600" originy="-700" rotation="270" length="100" width="7.8740157480315" flipped="False">
      <text name="pinname" originx="600" originy="-670" style="Default" rotation="0" justify="left" flipped="False" hidden="False" data="GND" />
      <text name="pindes" originx="580" originy="-760" style="Default" rotation="0" justify="lowerright" flipped="False" hidden="False" data="3" />
    </sympin>
    <sympin number="4" originx="700" originy="-700" rotation="270" length="100" width="7.8740157480315" flipped="False">
      <text name="pinname" originx="700" originy="-670" style="Default" rotation="0" justify="left" flipped="False" hidden="False" data="AIN0" />
      <text name="pindes" originx="680" originy="-760" style="Default" rotation="0" justify="lowerright" flipped="False" hidden="False" data="4" />
    </sympin>
    <sympin number="5" originx="900" originy="0" rotation="0" length="100" width="7.8740157480315" flipped="False">
      <text name="pinname" originx="870" originy="0" style="Default" rotation="0" justify="right" flipped="False" hidden="False" data="AIN1" />
      <text name="pindes" originx="960" originy="20" style="Default" rotation="0" justify="lowerleft" flipped="False" hidden="False" data="5" />
    </sympin>
    <sympin number="6" originx="700" originy="400" rotation="90" length="100" width="7.8740157480315" flipped="False">
      <text name="pinname" originx="700" originy="370" style="Default" rotation="0" justify="right" flipped="False" hidden="False" data="AIN2" />
      <text name="pindes" originx="680" originy="460" style="Default" rotation="0" justify="lowerleft" flipped="False" hidden="False" data="6" />
    </sympin>
    <sympin number="7" originx="600" originy="400" rotation="90" length="100" width="7.8740157480315" flipped="False">
      <text name="pinname" originx="600" originy="370" style="Default" rotation="0" justify="right" flipped="False" hidden="False" data="AIN3" />
      <text name="pindes" originx="580" originy="460" style="Default" rotation="0" justify="lowerleft" flipped="False" hidden="False" data="7" />
    </sympin>
    <sympin number="8" originx="500" originy="400" rotation="90" length="100" width="7.8740157480315" flipped="False">
      <text name="pinname" originx="500" originy="370" style="Default" rotation="0" justify="right" flipped="False" hidden="False" data="VDD" />
      <text name="pindes" originx="480" originy="460" style="Default" rotation="0" justify="lowerleft" flipped="False" hidden="False" data="8" />
    </sympin>
    <sympin number="9" originx="400" originy="400" rotation="90" length="100" width="7.8740157480315" flipped="False">
      <text name="pinname" originx="400" originy="370" style="Default" rotation="0" justify="right" flipped="False" hidden="False" data="SDA" />
      <text name="pindes" originx="380" originy="460" style="Default" rotation="0" justify="lowerleft" flipped="False" hidden="False" data="9" />
    </sympin>
    <sympin number="10" originx="200" originy="0" rotation="180" length="100" width="7.8740157480315" flipped="False">
      <text name="pinname" originx="230" originy="0" style="Default" rotation="0" justify="left" flipped="False" hidden="False" data="SCL" />
      <text name="pindes" originx="140" originy="20" style="Default" rotation="0" justify="lowerright" flipped="False" hidden="False" data="10" />
    </sympin>
  </symbol>
  <component name="ADS1115IRUGR" designatorprefix="IC" height="15.748031496063" footprint="ADS1115IRUGR">
    <comppin designator="1" sympin="1" pinswap="0" gateswap="0" gate="1" group="1" side="" type="Any" name="ADDR" />
    <comppin designator="2" sympin="2" pinswap="0" gateswap="0" gate="1" group="1" side="" type="Any" name="ALERT/RDY" />
    <comppin designator="3" sympin="3" pinswap="0" gateswap="0" gate="1" group="1" side="" type="Any" name="GND" />
    <comppin designator="4" sympin="4" pinswap="0" gateswap="0" gate="1" group="1" side="" type="Any" name="AIN0" />
    <comppin designator="5" sympin="5" pinswap="0" gateswap="0" gate="1" group="1" side="" type="Any" name="AIN1" />
    <comppin designator="6" sympin="6" pinswap="0" gateswap="0" gate="1" group="1" side="" type="Any" name="AIN2" />
    <comppin designator="7" sympin="7" pinswap="0" gateswap="0" gate="1" group="1" side="" type="Any" name="AIN3" />
    <comppin designator="8" sympin="8" pinswap="0" gateswap="0" gate="1" group="1" side="" type="Any" name="VDD" />
    <comppin designator="9" sympin="9" pinswap="0" gateswap="0" gate="1" group="1" side="" type="Any" name="SDA" />
    <comppin designator="10" sympin="10" pinswap="0" gateswap="0" gate="1" group="1" side="" type="Any" name="SCL" />
    <attached_symbol gate="1" name="ADS1115IRUGR" />
    <pinmap designator="1" footprintpin="1" />
    <pinmap designator="2" footprintpin="2" />
    <pinmap designator="3" footprintpin="3" />
    <pinmap designator="4" footprintpin="4" />
    <pinmap designator="5" footprintpin="5" />
    <pinmap designator="6" footprintpin="6" />
    <pinmap designator="7" footprintpin="7" />
    <pinmap designator="8" footprintpin="8" />
    <pinmap designator="9" footprintpin="9" />
    <pinmap designator="10" footprintpin="10" />
    <text name="Datasheet" originx="0" originy="0" style="Default" rotation="0" justify="" flipped="False" hidden="True" data="https://www.ti.com/lit/ds/symlink/ads1115.pdf?ts=1601235703022&amp;ref_url=https%3A%2F%2Fwww.ti.com%2Fproduct%2FADS1115%3FkeyMatch%3DADS1115IRUGR%26tisearch%3DSearch-EN-everything%26usecase%3DOPN" />
    <text name="Description" originx="0" originy="0" style="Default" rotation="0" justify="" flipped="False" hidden="True" data="Analog to Digital Converters - ADC 16B ADC w/ Int MUX PGA Comp Osc &amp; Ref" />
    <text name="Manufacturer_Name" originx="0" originy="0" style="Default" rotation="0" justify="" flipped="False" hidden="True" data="Texas Instruments" />
    <text name="Manufacturer_Part_Number" originx="950" originy="500" style="Default" rotation="0" justify="left" flipped="False" hidden="False" data="ADS1115IRUGR" />
    <text name="Mouser Part Number" originx="0" originy="0" style="Default" rotation="0" justify="" flipped="False" hidden="True" data="595-ADS1115IRUGR" />
    <text name="Mouser Price/Stock" originx="0" originy="0" style="Default" rotation="0" justify="" flipped="False" hidden="True" data="https://www.mouser.co.uk/ProductDetail/Texas-Instruments/ADS1115IRUGR?qs=IK5e5L0zOXhqw%2F8AHSSbuA%3D%3D" />
    <text name="Arrow Part Number" originx="0" originy="0" style="Default" rotation="0" justify="" flipped="False" hidden="True" data="ADS1115IRUGR" />
    <text name="Arrow Price/Stock" originx="0" originy="0" style="Default" rotation="0" justify="" flipped="False" hidden="True" data="https://www.arrow.com/en/products/ads1115irugr/texas-instruments" />
  </component>
</quadcept_library>
