<?xml version="1.0" encoding="utf-8"?>
<!--/1985782/412237/2.48/6/4/Filter/-->
<quadcept_library>
  <setting unit="mil" />
  <textstyle name="Default" height="47.244094488189" strokewidth="7.8740157480315" charwidth="47.244094488189" />
  <textstyle name="Dimension" height="19.6850393700787" strokewidth="0" charwidth="19.6850393700787" />
  <textstyle name="H127W0635TH00762" height="50" strokewidth="3" charwidth="25" />
  <textstyle name="H15W15TH02" height="59.0551181102362" strokewidth="7.8740157480315" charwidth="59.0551181102362" />
  <padstyle name="s30" surface="True" plated="False" isvia="False" nopaste="False" nomask="True" complex="False" holesize="0">
    <padshape layer="TOP" shape="square" width="11.811023622047" height="11.811023622047" />
    <padshape layer="TOP_SOLDER_MASK" shape="square" width="19.685039370078" height="19.685039370078" />
    <padshape layer="TOP_SOLDER_PASTE" shape="square" width="11.811023622047" height="11.811023622047" />
  </padstyle>
  <footprint name="MLPFWB5501E3" originx="0" originy="0" pickpointx="0" pickpointy="0">
    <pcbpin number="1" name="1" style="s30" originx="-9.8425196850392" originy="23.110236220472" rotation="90" />
    <pcbpin number="2" name="2" style="s30" originx="-9.8425196850392" originy="0" rotation="90" />
    <pcbpin number="3" name="3" style="s30" originx="-9.8425196850392" originy="-23.110236220472" rotation="90" />
    <pcbpin number="4" name="4" style="s30" originx="9.8425196850392" originy="-23.110236220472" rotation="90" />
    <pcbpin number="5" name="5" style="s30" originx="9.8425196850392" originy="0" rotation="90" />
    <pcbpin number="6" name="6" style="s30" originx="9.8425196850392" originy="23.110236220472" rotation="90" />
    <line layer="TOP_ASSEMBLY" originx="-19.685039370078" originy="31.496062992126" endx="19.685039370078" endy="31.496062992126" width="7.8740157480314" />
    <line layer="TOP_ASSEMBLY" originx="19.685039370078" originy="31.496062992126" endx="19.685039370078" endy="-31.496062992126" width="7.8740157480314" />
    <line layer="TOP_ASSEMBLY" originx="19.685039370078" originy="-31.496062992126" endx="-19.685039370078" endy="-31.496062992126" width="7.8740157480314" />
    <line layer="TOP_ASSEMBLY" originx="-19.685039370078" originy="-31.496062992126" endx="-19.685039370078" endy="31.496062992126" width="7.8740157480314" />
    <line layer="TOP_PLACE_BOUND" originx="-39.370078740157" originy="51.181102362204" endx="39.370078740157" endy="51.181102362204" width="3.9370078740157" />
    <line layer="TOP_PLACE_BOUND" originx="39.370078740157" originy="51.181102362204" endx="39.370078740157" endy="-51.181102362204" width="3.9370078740157" />
    <line layer="TOP_PLACE_BOUND" originx="39.370078740157" originy="-51.181102362204" endx="-39.370078740157" endy="-51.181102362204" width="3.9370078740157" />
    <line layer="TOP_PLACE_BOUND" originx="-39.370078740157" originy="-51.181102362204" endx="-39.370078740157" endy="51.181102362204" width="3.9370078740157" />
    <line layer="TOP_SILKSCREEN" originx="-31.496062992126" originy="25.590551181102" endx="-31.496062992126" endy="25.590551181102" width="3.9370078740157" />
    <arc layer="TOP_SILKSCREEN" originx="-31.496062992126" originy="23.622047244094" startangle="90.0" sweepangle="180.0" radius="1.9685039370078" width="3.9370078740157" />
    <line layer="TOP_SILKSCREEN" originx="-31.496062992126" originy="21.653543307086" endx="-31.496062992126" endy="21.653543307086" width="3.9370078740157" />
    <arc layer="TOP_SILKSCREEN" originx="-31.496062992126" originy="23.622047244094" startangle="-90.0" sweepangle="180.0" radius="1.9685039370078" width="3.9370078740157" />
  </footprint>
  <symbol name="MLPF-WB55-01E3" originx="0" originy="0">
    <line originx="200" originy="100" endx="900" endy="100" width="0" />
    <line originx="900" originy="-300" endx="900" endy="100" width="0" />
    <line originx="900" originy="-300" endx="200" endy="-300" width="0" />
    <line originx="200" originy="100" endx="200" endy="-300" width="0" />
    <sympin number="1" originx="200" originy="0" rotation="180" length="100" width="7.8740157480315" flipped="False">
      <text name="pinname" originx="230" originy="0" style="Default" rotation="0" justify="left" flipped="False" hidden="False" data="OUT" />
      <text name="pindes" originx="140" originy="20" style="Default" rotation="0" justify="lowerright" flipped="False" hidden="False" data="1" />
    </sympin>
    <sympin number="2" originx="200" originy="-100" rotation="180" length="100" width="7.8740157480315" flipped="False">
      <text name="pinname" originx="230" originy="-100" style="Default" rotation="0" justify="left" flipped="False" hidden="False" data="GND4" />
      <text name="pindes" originx="140" originy="-80" style="Default" rotation="0" justify="lowerright" flipped="False" hidden="False" data="2" />
    </sympin>
    <sympin number="3" originx="200" originy="-200" rotation="180" length="100" width="7.8740157480315" flipped="False">
      <text name="pinname" originx="230" originy="-200" style="Default" rotation="0" justify="left" flipped="False" hidden="False" data="IN" />
      <text name="pindes" originx="140" originy="-180" style="Default" rotation="0" justify="lowerright" flipped="False" hidden="False" data="3" />
    </sympin>
    <sympin number="4" originx="900" originy="-200" rotation="0" length="100" width="7.8740157480315" flipped="False">
      <text name="pinname" originx="870" originy="-200" style="Default" rotation="0" justify="right" flipped="False" hidden="False" data="GND1" />
      <text name="pindes" originx="960" originy="-180" style="Default" rotation="0" justify="lowerleft" flipped="False" hidden="False" data="4" />
    </sympin>
    <sympin number="5" originx="900" originy="-100" rotation="0" length="100" width="7.8740157480315" flipped="False">
      <text name="pinname" originx="870" originy="-100" style="Default" rotation="0" justify="right" flipped="False" hidden="False" data="GND2" />
      <text name="pindes" originx="960" originy="-80" style="Default" rotation="0" justify="lowerleft" flipped="False" hidden="False" data="5" />
    </sympin>
    <sympin number="6" originx="900" originy="0" rotation="0" length="100" width="7.8740157480315" flipped="False">
      <text name="pinname" originx="870" originy="0" style="Default" rotation="0" justify="right" flipped="False" hidden="False" data="GND3" />
      <text name="pindes" originx="960" originy="20" style="Default" rotation="0" justify="lowerleft" flipped="False" hidden="False" data="6" />
    </sympin>
  </symbol>
  <component name="MLPF-WB55-01E3" designatorprefix="FL" height="27.55905511811" footprint="MLPFWB5501E3">
    <comppin designator="1" sympin="1" pinswap="0" gateswap="0" gate="1" group="1" side="" type="Any" name="OUT" />
    <comppin designator="2" sympin="2" pinswap="0" gateswap="0" gate="1" group="1" side="" type="Any" name="GND4" />
    <comppin designator="3" sympin="3" pinswap="0" gateswap="0" gate="1" group="1" side="" type="Any" name="IN" />
    <comppin designator="4" sympin="4" pinswap="0" gateswap="0" gate="1" group="1" side="" type="Any" name="GND1" />
    <comppin designator="5" sympin="5" pinswap="0" gateswap="0" gate="1" group="1" side="" type="Any" name="GND2" />
    <comppin designator="6" sympin="6" pinswap="0" gateswap="0" gate="1" group="1" side="" type="Any" name="GND3" />
    <attached_symbol gate="1" name="MLPF-WB55-01E3" />
    <pinmap designator="1" footprintpin="1" />
    <pinmap designator="2" footprintpin="2" />
    <pinmap designator="3" footprintpin="3" />
    <pinmap designator="4" footprintpin="4" />
    <pinmap designator="5" footprintpin="5" />
    <pinmap designator="6" footprintpin="6" />
    <text name="Datasheet" originx="0" originy="0" style="Default" rotation="0" justify="" flipped="False" hidden="True" data="https://www.st.com/resource/en/datasheet/mlpf-wb55-01e3.pdf" />
    <text name="Description" originx="0" originy="0" style="Default" rotation="0" justify="" flipped="False" hidden="True" data="RF Wireless Misc 2.4 GHz Low Pass Filter matched to STM32WB55" />
    <text name="Manufacturer_Name" originx="0" originy="0" style="Default" rotation="0" justify="" flipped="False" hidden="True" data="STMicroelectronics" />
    <text name="Manufacturer_Part_Number" originx="950" originy="200" style="Default" rotation="0" justify="left" flipped="False" hidden="False" data="MLPF-WB55-01E3" />
    <text name="Mouser Part Number" originx="0" originy="0" style="Default" rotation="0" justify="" flipped="False" hidden="True" data="511-MLPF-WB55-01E3" />
    <text name="Mouser Price/Stock" originx="0" originy="0" style="Default" rotation="0" justify="" flipped="False" hidden="True" data="https://www.mouser.co.uk/ProductDetail/STMicroelectronics/MLPF-WB55-01E3?qs=vLWxofP3U2xV%2FkxL9PmCDA%3D%3D" />
    <text name="Arrow Part Number" originx="0" originy="0" style="Default" rotation="0" justify="" flipped="False" hidden="True" data="MLPF-WB55-01E3" />
    <text name="Arrow Price/Stock" originx="0" originy="0" style="Default" rotation="0" justify="" flipped="False" hidden="True" data="https://www.arrow.com/en/products/mlpf-wb55-01e3/stmicroelectronics" />
  </component>
</quadcept_library>
