<?xml version="1.0" encoding="utf-8"?>
<!--/1182663/412237/2.48/4/4/Filter/-->
<quadcept_library>
  <setting unit="mil" />
  <textstyle name="Default" height="47.244094488189" strokewidth="7.8740157480315" charwidth="47.244094488189" />
  <textstyle name="Dimension" height="19.6850393700787" strokewidth="0" charwidth="19.6850393700787" />
  <textstyle name="H127W0635TH00762" height="50" strokewidth="3" charwidth="25" />
  <textstyle name="H15W15TH02" height="59.0551181102362" strokewidth="7.8740157480315" charwidth="59.0551181102362" />
  <padstyle name="r50_30" surface="True" plated="False" isvia="False" nopaste="False" nomask="True" complex="False" holesize="0">
    <padshape layer="TOP" shape="rectangle" width="11.811023622047" height="19.685039370078" />
    <padshape layer="TOP_SOLDER_MASK" shape="rectangle" width="19.685039370078" height="27.55905511811" />
    <padshape layer="TOP_SOLDER_PASTE" shape="rectangle" width="11.811023622047" height="19.685039370078" />
  </padstyle>
  <padstyle name="r80_50" surface="True" plated="False" isvia="False" nopaste="False" nomask="True" complex="False" holesize="0">
    <padshape layer="TOP" shape="rectangle" width="19.685039370078" height="31.496062992126" />
    <padshape layer="TOP_SOLDER_MASK" shape="rectangle" width="27.55905511811" height="39.370078740157" />
    <padshape layer="TOP_SOLDER_PASTE" shape="rectangle" width="19.685039370078" height="31.496062992126" />
  </padstyle>
  <footprint name="DEA162450BT1295A1" originx="0" originy="0" pickpointx="0" pickpointy="0">
    <pcbpin number="1" name="1" style="r50_30" originx="-33.464566929133" originy="0" rotation="90" />
    <pcbpin number="2" name="2" style="r80_50" originx="0" originy="-17.716535433071" rotation="90" />
    <pcbpin number="3" name="3" style="r50_30" originx="33.464566929133" originy="0" rotation="90" />
    <pcbpin number="4" name="4" style="r80_50" originx="0" originy="17.716535433071" rotation="90" />
    <line layer="TOP_ASSEMBLY" originx="-31.496062992126" originy="15.748031496063" endx="31.496062992126" endy="15.748031496063" width="7.8740157480314" />
    <line layer="TOP_ASSEMBLY" originx="31.496062992126" originy="15.748031496063" endx="31.496062992126" endy="-15.748031496063" width="7.8740157480314" />
    <line layer="TOP_ASSEMBLY" originx="31.496062992126" originy="-15.748031496063" endx="-31.496062992126" endy="-15.748031496063" width="7.8740157480314" />
    <line layer="TOP_ASSEMBLY" originx="-31.496062992126" originy="-15.748031496063" endx="-31.496062992126" endy="15.748031496063" width="7.8740157480314" />
    <line layer="TOP_PLACE_BOUND" originx="-90.551181102361" originy="66.929133858267" endx="82.67716535433" endy="66.929133858267" width="3.9370078740157" />
    <line layer="TOP_PLACE_BOUND" originx="82.67716535433" originy="66.929133858267" endx="82.67716535433" endy="-66.929133858267" width="3.9370078740157" />
    <line layer="TOP_PLACE_BOUND" originx="82.67716535433" originy="-66.929133858267" endx="-90.551181102361" endy="-66.929133858267" width="3.9370078740157" />
    <line layer="TOP_PLACE_BOUND" originx="-90.551181102361" originy="-66.929133858267" endx="-90.551181102361" endy="66.929133858267" width="3.9370078740157" />
    <line layer="TOP_SILKSCREEN" originx="-51.181102362204" originy="0" endx="-51.181102362204" endy="0" width="3.9370078740157" />
    <arc layer="TOP_SILKSCREEN" originx="-49.212598425196" originy="0" startangle="180.0" sweepangle="180.0" radius="1.9685039370079" width="3.9370078740157" />
    <line layer="TOP_SILKSCREEN" originx="-47.244094488188" originy="0" endx="-47.244094488188" endy="0" width="3.9370078740157" />
    <arc layer="TOP_SILKSCREEN" originx="-49.212598425196" originy="0" startangle=".0" sweepangle="180.0" radius="1.9685039370079" width="3.9370078740157" />
  </footprint>
  <symbol name="DEA162450BT-1295A1" originx="0" originy="0">
    <line originx="200" originy="500" endx="800" endy="500" width="0" />
    <line originx="800" originy="-500" endx="800" endy="500" width="0" />
    <line originx="800" originy="-500" endx="200" endy="-500" width="0" />
    <line originx="200" originy="500" endx="200" endy="-500" width="0" />
    <sympin number="1" originx="200" originy="0" rotation="180" length="100" width="7.8740157480315" flipped="False">
      <text name="pinname" originx="230" originy="0" style="Default" rotation="0" justify="left" flipped="False" hidden="False" data="IN" />
      <text name="pindes" originx="140" originy="20" style="Default" rotation="0" justify="lowerright" flipped="False" hidden="False" data="1" />
    </sympin>
    <sympin number="2" originx="500" originy="-500" rotation="270" length="100" width="7.8740157480315" flipped="False">
      <text name="pinname" originx="500" originy="-470" style="Default" rotation="0" justify="left" flipped="False" hidden="False" data="GND_1" />
      <text name="pindes" originx="480" originy="-560" style="Default" rotation="0" justify="lowerright" flipped="False" hidden="False" data="2" />
    </sympin>
    <sympin number="3" originx="800" originy="0" rotation="0" length="100" width="7.8740157480315" flipped="False">
      <text name="pinname" originx="770" originy="0" style="Default" rotation="0" justify="right" flipped="False" hidden="False" data="OUT" />
      <text name="pindes" originx="860" originy="20" style="Default" rotation="0" justify="lowerleft" flipped="False" hidden="False" data="3" />
    </sympin>
    <sympin number="4" originx="500" originy="500" rotation="90" length="100" width="7.8740157480315" flipped="False">
      <text name="pinname" originx="500" originy="470" style="Default" rotation="0" justify="right" flipped="False" hidden="False" data="GND_2" />
      <text name="pindes" originx="480" originy="560" style="Default" rotation="0" justify="lowerleft" flipped="False" hidden="False" data="4" />
    </sympin>
  </symbol>
  <component name="DEA162450BT-1295A1" designatorprefix="FL" height="27.55905511811" footprint="DEA162450BT1295A1">
    <comppin designator="1" sympin="1" pinswap="0" gateswap="0" gate="1" group="1" side="" type="Any" name="IN" />
    <comppin designator="2" sympin="2" pinswap="0" gateswap="0" gate="1" group="1" side="" type="Any" name="GND_1" />
    <comppin designator="3" sympin="3" pinswap="0" gateswap="0" gate="1" group="1" side="" type="Any" name="OUT" />
    <comppin designator="4" sympin="4" pinswap="0" gateswap="0" gate="1" group="1" side="" type="Any" name="GND_2" />
    <attached_symbol gate="1" name="DEA162450BT-1295A1" />
    <pinmap designator="1" footprintpin="1" />
    <pinmap designator="2" footprintpin="2" />
    <pinmap designator="3" footprintpin="3" />
    <pinmap designator="4" footprintpin="4" />
    <text name="Datasheet" originx="0" originy="0" style="Default" rotation="0" justify="" flipped="False" hidden="True" data="https://product.tdk.com/info/en/documents/data_sheet/rf_bpf_dea162450bt-1295a1_en.pdf" />
    <text name="Description" originx="0" originy="0" style="Default" rotation="0" justify="" flipped="False" hidden="True" data="Signal Conditioning FILTER BANDPASS 2.45GHz WLAN SMD" />
    <text name="Manufacturer_Name" originx="0" originy="0" style="Default" rotation="0" justify="" flipped="False" hidden="True" data="TDK" />
    <text name="Manufacturer_Part_Number" originx="850" originy="600" style="Default" rotation="0" justify="left" flipped="False" hidden="False" data="DEA162450BT-1295A1" />
    <text name="Mouser Part Number" originx="0" originy="0" style="Default" rotation="0" justify="" flipped="False" hidden="True" data="810-DEA162450BT1295A" />
    <text name="Mouser Price/Stock" originx="0" originy="0" style="Default" rotation="0" justify="" flipped="False" hidden="True" data="https://www.mouser.co.uk/ProductDetail/TDK/DEA162450BT-1295A1/?qs=r5DSvlrkXmJWOg7G%2F4pSbg%3D%3D" />
    <text name="Arrow Part Number" originx="0" originy="0" style="Default" rotation="0" justify="" flipped="False" hidden="True" data="DEA162450BT-1295A1" />
    <text name="Arrow Price/Stock" originx="0" originy="0" style="Default" rotation="0" justify="" flipped="False" hidden="True" data="https://www.arrow.com/en/products/dea162450bt-1295a1/tdk" />
  </component>
</quadcept_library>
