<?xml version="1.0" encoding="utf-8"?>
<!--/771259/412237/2.48/7/4/Switch/-->
<quadcept_library>
  <setting unit="mil" />
  <textstyle name="Default" height="47.244094488189" strokewidth="7.8740157480315" charwidth="47.244094488189" />
  <textstyle name="Dimension" height="19.6850393700787" strokewidth="0" charwidth="19.6850393700787" />
  <textstyle name="H127W0635TH00762" height="50" strokewidth="3" charwidth="25" />
  <textstyle name="H15W15TH02" height="59.0551181102362" strokewidth="7.8740157480315" charwidth="59.0551181102362" />
  <padstyle name="r100_80" surface="True" plated="False" isvia="False" nopaste="False" nomask="True" complex="False" holesize="0">
    <padshape layer="TOP" shape="rectangle" width="31.496062992126" height="39.370078740157" />
    <padshape layer="TOP_SOLDER_MASK" shape="rectangle" width="39.370078740157" height="47.244094488188" />
    <padshape layer="TOP_SOLDER_PASTE" shape="rectangle" width="31.496062992126" height="39.370078740157" />
  </padstyle>
  <padstyle name="r110_70" surface="True" plated="False" isvia="False" nopaste="False" nomask="True" complex="False" holesize="0">
    <padshape layer="TOP" shape="rectangle" width="27.55905511811" height="43.307086614173" />
    <padshape layer="TOP_SOLDER_MASK" shape="rectangle" width="35.433070866141" height="51.181102362204" />
    <padshape layer="TOP_SOLDER_PASTE" shape="rectangle" width="27.55905511811" height="43.307086614173" />
  </padstyle>
  <padstyle name="c50_h100" surface="False" plated="True" isvia="False" nopaste="True" nomask="True" complex="False" holesize="39.370078740157">
    <padshape layer="TOP" shape="round" width="19.685039370078" height="19.685039370078" />
    <padshape layer="TOP_SOLDER_MASK" shape="round" width="27.55905511811" height="27.55905511811" />
    <padshape layer="INNER" shape="round" width="19.685039370078" height="19.685039370078" />
    <padshape layer="BOTTOM" shape="round" width="19.685039370078" height="19.685039370078" />
    <padshape layer="BOTTOM_SOLDER_MASK" shape="round" width="27.55905511811" height="27.55905511811" />
  </padstyle>
  <footprint name="MLL1200S" originx="0" originy="0" pickpointx="0" pickpointy="0">
    <pcbpin number="1" name="1" style="r110_70" originx="-88.582677165353" originy="80.708661417322" rotation="0" />
    <pcbpin number="2" name="2" style="r110_70" originx="29.527559055118" originy="80.708661417322" rotation="0" />
    <pcbpin number="3" name="3" style="r110_70" originx="88.582677165353" originy="80.708661417322" rotation="0" />
    <pcbpin number="4" name="MH1" style="c50_h100" originx="-59.055118110235" originy="0" rotation="90" />
    <pcbpin number="5" name="MH2" style="c50_h100" originx="59.055118110235" originy="0" rotation="90" />
    <pcbpin number="6" name="MP1" style="r100_80" originx="-147.63779527559" originy="45.275590551181" rotation="90" />
    <pcbpin number="7" name="MP2" style="r100_80" originx="147.63779527559" originy="45.275590551181" rotation="90" />
    <pcbpin number="8" name="MP3" style="r100_80" originx="147.63779527559" originy="-45.275590551181" rotation="90" />
    <pcbpin number="9" name="MP4" style="r100_80" originx="-147.63779527559" originy="-45.275590551181" rotation="90" />
    <line layer="TOP_ASSEMBLY" originx="-131.88976377953" originy="-53.149606299212" endx="131.88976377953" endy="-53.149606299212" width="7.8740157480314" />
    <line layer="TOP_ASSEMBLY" originx="131.88976377953" originy="-53.149606299212" endx="131.88976377953" endy="53.149606299212" width="7.8740157480314" />
    <line layer="TOP_ASSEMBLY" originx="131.88976377953" originy="53.149606299212" endx="-131.88976377953" endy="53.149606299212" width="7.8740157480314" />
    <line layer="TOP_ASSEMBLY" originx="-131.88976377953" originy="53.149606299212" endx="-131.88976377953" endy="-53.149606299212" width="7.8740157480314" />
    <line layer="TOP_SILKSCREEN" originx="-98.425196850392" originy="-53.149606299212" endx="98.425196850392" endy="-53.149606299212" width="3.9370078740157" />
    <line layer="TOP_SILKSCREEN" originx="98.425196850392" originy="-53.149606299212" endx="98.425196850392" endy="-53.149606299212" width="3.9370078740157" />
    <line layer="TOP_SILKSCREEN" originx="98.425196850392" originy="-53.149606299212" endx="-98.425196850392" endy="-53.149606299212" width="3.9370078740157" />
    <line layer="TOP_SILKSCREEN" originx="-98.425196850392" originy="-53.149606299212" endx="-98.425196850392" endy="-53.149606299212" width="3.9370078740157" />
    <line layer="TOP_SILKSCREEN" originx="131.88976377953" originy="9.8425196850392" endx="131.88976377953" endy="9.8425196850392" width="3.9370078740157" />
    <line layer="TOP_SILKSCREEN" originx="131.88976377953" originy="9.8425196850392" endx="131.88976377953" endy="-9.8425196850392" width="3.9370078740157" />
    <line layer="TOP_SILKSCREEN" originx="131.88976377953" originy="-9.8425196850392" endx="131.88976377953" endy="-9.8425196850392" width="3.9370078740157" />
    <line layer="TOP_SILKSCREEN" originx="131.88976377953" originy="-9.8425196850392" endx="131.88976377953" endy="9.8425196850392" width="3.9370078740157" />
    <line layer="TOP_SILKSCREEN" originx="-131.88976377953" originy="9.8425196850392" endx="-131.88976377953" endy="9.8425196850392" width="3.9370078740157" />
    <line layer="TOP_SILKSCREEN" originx="-131.88976377953" originy="9.8425196850392" endx="-131.88976377953" endy="-9.8425196850392" width="3.9370078740157" />
    <line layer="TOP_SILKSCREEN" originx="-131.88976377953" originy="-9.8425196850392" endx="-131.88976377953" endy="-9.8425196850392" width="3.9370078740157" />
    <line layer="TOP_SILKSCREEN" originx="-131.88976377953" originy="-9.8425196850392" endx="-131.88976377953" endy="9.8425196850392" width="3.9370078740157" />
    <line layer="TOP_SILKSCREEN" originx="-59.055118110235" originy="53.149606299212" endx="0" endy="53.149606299212" width="3.9370078740157" />
    <line layer="TOP_SILKSCREEN" originx="0" originy="53.149606299212" endx="0" endy="53.149606299212" width="3.9370078740157" />
    <line layer="TOP_SILKSCREEN" originx="0" originy="53.149606299212" endx="-59.055118110235" endy="53.149606299212" width="3.9370078740157" />
    <line layer="TOP_SILKSCREEN" originx="-59.055118110235" originy="53.149606299212" endx="-59.055118110235" endy="53.149606299212" width="3.9370078740157" />
    <line layer="TOP_ASSEMBLY" originx="-55.11811023622" originy="-53.149606299212" endx="-3.9370078740157" endy="-53.149606299212" width="7.8740157480314" />
    <line layer="TOP_ASSEMBLY" originx="-3.9370078740157" originy="-53.149606299212" endx="-3.9370078740157" endy="-112.20472440945" width="7.8740157480314" />
    <line layer="TOP_ASSEMBLY" originx="-3.9370078740157" originy="-112.20472440945" endx="-55.11811023622" endy="-112.20472440945" width="7.8740157480314" />
    <line layer="TOP_ASSEMBLY" originx="-55.11811023622" originy="-112.20472440945" endx="-55.11811023622" endy="-53.149606299212" width="7.8740157480314" />
    <line layer="TOP_PLACE_BOUND" originx="-206.69291338582" originy="163.38582677165" endx="206.69291338582" endy="163.38582677165" width="3.9370078740157" />
    <line layer="TOP_PLACE_BOUND" originx="206.69291338582" originy="163.38582677165" endx="206.69291338582" endy="-151.5748031496" width="3.9370078740157" />
    <line layer="TOP_PLACE_BOUND" originx="206.69291338582" originy="-151.5748031496" endx="-206.69291338582" endy="-151.5748031496" width="3.9370078740157" />
    <line layer="TOP_PLACE_BOUND" originx="-206.69291338582" originy="-151.5748031496" endx="-206.69291338582" endy="163.38582677165" width="3.9370078740157" />
    <line layer="TOP_SILKSCREEN" originx="-90.551181102361" originy="122.04724409449" endx="-90.551181102361" endy="122.04724409449" width="7.8740157480314" />
    <arc layer="TOP_SILKSCREEN" originx="-88.582677165353" originy="122.04724409449" startangle="180.0" sweepangle="180.0" radius="1.9685039370079" width="7.8740157480314" />
    <line layer="TOP_SILKSCREEN" originx="-86.614173228345" originy="122.04724409449" endx="-86.614173228345" endy="122.04724409449" width="7.8740157480314" />
    <arc layer="TOP_SILKSCREEN" originx="-88.582677165353" originy="122.04724409449" startangle=".0" sweepangle="180.0" radius="1.9685039370079" width="7.8740157480314" />
    <line layer="TOP_SILKSCREEN" originx="-90.551181102361" originy="122.04724409449" endx="-90.551181102361" endy="122.04724409449" width="7.8740157480314" />
    <arc layer="TOP_SILKSCREEN" originx="-88.582677165353" originy="122.04724409449" startangle="180.0" sweepangle="180.0" radius="1.9685039370079" width="7.8740157480314" />
  </footprint>
  <symbol name="MLL1200S" originx="0" originy="0">
    <line originx="200" originy="100" endx="1000" endy="100" width="0" />
    <line originx="1000" originy="-400" endx="1000" endy="100" width="0" />
    <line originx="1000" originy="-400" endx="200" endy="-400" width="0" />
    <line originx="200" originy="100" endx="200" endy="-400" width="0" />
    <sympin number="1" originx="200" originy="0" rotation="180" length="100" width="7.8740157480315" flipped="False">
      <text name="pinname" originx="230" originy="0" style="Default" rotation="0" justify="left" flipped="False" hidden="False" data="NC" />
      <text name="pindes" originx="140" originy="20" style="Default" rotation="0" justify="lowerright" flipped="False" hidden="False" data="1" />
    </sympin>
    <sympin number="2" originx="200" originy="-100" rotation="180" length="100" width="7.8740157480315" flipped="False">
      <text name="pinname" originx="230" originy="-100" style="Default" rotation="0" justify="left" flipped="False" hidden="False" data="COM" />
      <text name="pindes" originx="140" originy="-80" style="Default" rotation="0" justify="lowerright" flipped="False" hidden="False" data="2" />
    </sympin>
    <sympin number="3" originx="200" originy="-200" rotation="180" length="100" width="7.8740157480315" flipped="False">
      <text name="pinname" originx="230" originy="-200" style="Default" rotation="0" justify="left" flipped="False" hidden="False" data="NO" />
      <text name="pindes" originx="140" originy="-180" style="Default" rotation="0" justify="lowerright" flipped="False" hidden="False" data="3" />
    </sympin>
    <sympin number="4" originx="200" originy="-300" rotation="180" length="100" width="7.8740157480315" flipped="False">
      <text name="pinname" originx="230" originy="-300" style="Default" rotation="0" justify="left" flipped="False" hidden="False" data="GND_1" />
      <text name="pindes" originx="140" originy="-280" style="Default" rotation="0" justify="lowerright" flipped="False" hidden="False" data="MP1" />
    </sympin>
    <sympin number="5" originx="1000" originy="0" rotation="0" length="100" width="7.8740157480315" flipped="False">
      <text name="pinname" originx="970" originy="0" style="Default" rotation="0" justify="right" flipped="False" hidden="False" data="GND_2" />
      <text name="pindes" originx="1060" originy="20" style="Default" rotation="0" justify="lowerleft" flipped="False" hidden="False" data="MP2" />
    </sympin>
    <sympin number="6" originx="1000" originy="-100" rotation="0" length="100" width="7.8740157480315" flipped="False">
      <text name="pinname" originx="970" originy="-100" style="Default" rotation="0" justify="right" flipped="False" hidden="False" data="GND_3" />
      <text name="pindes" originx="1060" originy="-80" style="Default" rotation="0" justify="lowerleft" flipped="False" hidden="False" data="MP3" />
    </sympin>
    <sympin number="7" originx="1000" originy="-200" rotation="0" length="100" width="7.8740157480315" flipped="False">
      <text name="pinname" originx="970" originy="-200" style="Default" rotation="0" justify="right" flipped="False" hidden="False" data="GND_4" />
      <text name="pindes" originx="1060" originy="-180" style="Default" rotation="0" justify="lowerleft" flipped="False" hidden="False" data="MP4" />
    </sympin>
  </symbol>
  <component name="MLL1200S" designatorprefix="S" height="68.897637795275" footprint="MLL1200S">
    <comppin designator="1" sympin="1" pinswap="0" gateswap="0" gate="1" group="1" side="" type="Any" name="NC" />
    <comppin designator="2" sympin="2" pinswap="0" gateswap="0" gate="1" group="1" side="" type="Any" name="COM" />
    <comppin designator="3" sympin="3" pinswap="0" gateswap="0" gate="1" group="1" side="" type="Any" name="NO" />
    <comppin designator="MP1" sympin="4" pinswap="0" gateswap="0" gate="1" group="1" side="" type="Any" name="GND_1" />
    <comppin designator="MP2" sympin="5" pinswap="0" gateswap="0" gate="1" group="1" side="" type="Any" name="GND_2" />
    <comppin designator="MP3" sympin="6" pinswap="0" gateswap="0" gate="1" group="1" side="" type="Any" name="GND_3" />
    <comppin designator="MP4" sympin="7" pinswap="0" gateswap="0" gate="1" group="1" side="" type="Any" name="GND_4" />
    <attached_symbol gate="1" name="MLL1200S" />
    <pinmap designator="1" footprintpin="1" />
    <pinmap designator="2" footprintpin="2" />
    <pinmap designator="3" footprintpin="3" />
    <pinmap designator="MP1" footprintpin="4" />
    <pinmap designator="MP2" footprintpin="5" />
    <pinmap designator="MP3" footprintpin="6" />
    <pinmap designator="MP4" footprintpin="7" />
    <text name="Datasheet" originx="0" originy="0" style="Default" rotation="0" justify="" flipped="False" hidden="True" data="https://www.te.com/commerce/DocumentDelivery/DDEController?Action=srchrtrv&amp;DocNm=1437575-1&amp;DocType=Customer Drawing&amp;DocLang=English&amp;DocFormat=pdf&amp;PartCntxt=1437575-1" />
    <text name="Description" originx="0" originy="0" style="Default" rotation="0" justify="" flipped="False" hidden="True" data="TE CONNECTIVITY / ALCOSWITCH - MLL1200S - SLIDE SWITCH, SPDT, 0.3A, 4VDC, SMD" />
    <text name="Manufacturer_Name" originx="0" originy="0" style="Default" rotation="0" justify="" flipped="False" hidden="True" data="TE Connectivity" />
    <text name="Manufacturer_Part_Number" originx="1050" originy="200" style="Default" rotation="0" justify="left" flipped="False" hidden="False" data="MLL1200S" />
    <text name="Mouser Part Number" originx="0" originy="0" style="Default" rotation="0" justify="" flipped="False" hidden="True" data="506-MLL1200S" />
    <text name="Mouser Price/Stock" originx="0" originy="0" style="Default" rotation="0" justify="" flipped="False" hidden="True" data="https://www.mouser.co.uk/ProductDetail/TE-Connectivity-PB/MLL1200S?qs=%252BHgkcFtPSlhaU4bDJZHWiQ%3D%3D" />
    <text name="Arrow Part Number" originx="0" originy="0" style="Default" rotation="0" justify="" flipped="False" hidden="True" data="MLL1200S" />
    <text name="Arrow Price/Stock" originx="0" originy="0" style="Default" rotation="0" justify="" flipped="False" hidden="True" data="https://www.arrow.com/en/products/mll1200s/te-connectivity" />
  </component>
</quadcept_library>
