<?xml version="1.0" encoding="utf-8"?>
<!--/880718/412237/2.48/5/4/Connector/-->
<quadcept_library>
  <setting unit="mil" />
  <textstyle name="Default" height="47.244094488189" strokewidth="7.8740157480315" charwidth="47.244094488189" />
  <textstyle name="Dimension" height="19.6850393700787" strokewidth="0" charwidth="19.6850393700787" />
  <textstyle name="H127W0635TH00762" height="50" strokewidth="3" charwidth="25" />
  <textstyle name="H15W15TH02" height="59.0551181102362" strokewidth="7.8740157480315" charwidth="59.0551181102362" />
  <padstyle name="r120_40" surface="True" plated="False" isvia="False" nopaste="False" nomask="True" complex="False" holesize="0">
    <padshape layer="TOP" shape="rectangle" width="15.748031496063" height="47.244094488188" />
    <padshape layer="TOP_SOLDER_MASK" shape="rectangle" width="23.622047244094" height="55.11811023622" />
    <padshape layer="TOP_SOLDER_PASTE" shape="rectangle" width="15.748031496063" height="47.244094488188" />
  </padstyle>
  <padstyle name="s130" surface="True" plated="False" isvia="False" nopaste="False" nomask="True" complex="False" holesize="0">
    <padshape layer="TOP" shape="square" width="51.181102362204" height="51.181102362204" />
    <padshape layer="TOP_SOLDER_MASK" shape="square" width="59.055118110235" height="59.055118110235" />
    <padshape layer="TOP_SOLDER_PASTE" shape="square" width="51.181102362204" height="51.181102362204" />
  </padstyle>
  <padstyle name="r120_90" surface="True" plated="False" isvia="False" nopaste="False" nomask="True" complex="False" holesize="0">
    <padshape layer="TOP" shape="rectangle" width="35.433070866141" height="47.244094488188" />
    <padshape layer="TOP_SOLDER_MASK" shape="rectangle" width="43.307086614173" height="55.11811023622" />
    <padshape layer="TOP_SOLDER_PASTE" shape="rectangle" width="35.433070866141" height="47.244094488188" />
  </padstyle>
  <padstyle name="r130_90" surface="True" plated="False" isvia="False" nopaste="False" nomask="True" complex="False" holesize="0">
    <padshape layer="TOP" shape="rectangle" width="35.433070866141" height="51.181102362204" />
    <padshape layer="TOP_SOLDER_MASK" shape="rectangle" width="43.307086614173" height="59.055118110235" />
    <padshape layer="TOP_SOLDER_PASTE" shape="rectangle" width="35.433070866141" height="51.181102362204" />
  </padstyle>
  <padstyle name="r200_70" surface="True" plated="False" isvia="False" nopaste="False" nomask="True" complex="False" holesize="0">
    <padshape layer="TOP" shape="rectangle" width="27.55905511811" height="78.740157480314" />
    <padshape layer="TOP_SOLDER_MASK" shape="rectangle" width="35.433070866141" height="86.614173228345" />
    <padshape layer="TOP_SOLDER_PASTE" shape="rectangle" width="27.55905511811" height="78.740157480314" />
  </padstyle>
  <footprint name="UB-MC5BR3-SDWP604-4S-TF" originx="0" originy="0" pickpointx="0" pickpointy="0">
    <pcbpin number="1" name="1" style="r120_40" originx="-51.181102362204" originy="35.433070866141" rotation="0" />
    <pcbpin number="2" name="2" style="r120_40" originx="-25.590551181102" originy="35.433070866141" rotation="0" />
    <pcbpin number="3" name="3" style="r120_40" originx="0" originy="35.433070866141" rotation="0" />
    <pcbpin number="4" name="4" style="r120_40" originx="25.590551181102" originy="35.433070866141" rotation="0" />
    <pcbpin number="5" name="5" style="r120_40" originx="51.181102362204" originy="35.433070866141" rotation="0" />
    <pcbpin number="6" name="6" style="s130" originx="-181.10236220472" originy="-17.716535433071" rotation="90" />
    <pcbpin number="7" name="7" style="s130" originx="181.10236220472" originy="-17.716535433071" rotation="90" />
    <pcbpin number="8" name="8" style="r120_90" originx="-84.645669291338" originy="35.433070866141" rotation="0" />
    <pcbpin number="9" name="9" style="r120_90" originx="84.645669291338" originy="35.433070866141" rotation="0" />
    <pcbpin number="10" name="10" style="r130_90" originx="-181.10236220472" originy="-96.456692913385" rotation="90" />
    <pcbpin number="11" name="11" style="r130_90" originx="181.10236220472" originy="-96.456692913385" rotation="90" />
    <pcbpin number="12" name="12" style="r200_70" originx="0" originy="-118.11023622047" rotation="90" />
    <line layer="TOP_ASSEMBLY" originx="-181.10236220472" originy="0" endx="181.10236220472" endy="0" width="7.8740157480314" />
    <line layer="TOP_ASSEMBLY" originx="181.10236220472" originy="0" endx="181.10236220472" endy="-216.53543307086" width="7.8740157480314" />
    <line layer="TOP_ASSEMBLY" originx="181.10236220472" originy="-216.53543307086" endx="-181.10236220472" endy="-216.53543307086" width="7.8740157480314" />
    <line layer="TOP_ASSEMBLY" originx="-181.10236220472" originy="-216.53543307086" endx="-181.10236220472" endy="0" width="7.8740157480314" />
    <line layer="TOP_SILKSCREEN" originx="-141.73228346457" originy="0" endx="141.73228346457" endy="0" width="7.8740157480314" />
    <line layer="TOP_SILKSCREEN" originx="-181.10236220472" originy="-216.53543307086" endx="181.10236220472" endy="-216.53543307086" width="7.8740157480314" />
    <line layer="TOP_SILKSCREEN" originx="-181.10236220472" originy="-216.53543307086" endx="-181.10236220472" endy="-125.11811023622" width="7.8740157480314" />
    <line layer="TOP_SILKSCREEN" originx="181.10236220472" originy="-216.53543307086" endx="181.10236220472" endy="-125.11811023622" width="7.8740157480314" />
    <arc layer="TOP_SILKSCREEN" originx="-50.07874015748" originy="77.992125984251" startangle="180" sweepangle="180" radius="1.5354330708661" width="7.8740157480314" />
    <arc layer="TOP_SILKSCREEN" originx="-50.07874015748" originy="77.992125984251" startangle="180" sweepangle="-180" radius="1.5354330708661" width="7.8740157480314" />
  </footprint>
  <symbol name="UB-MC5BR3-SDWP604-4S-TF" originx="0" originy="0">
    <line originx="200" originy="100" endx="600" endy="100" width="0" />
    <line originx="600" originy="-300" endx="600" endy="100" width="0" />
    <line originx="600" originy="-300" endx="200" endy="-300" width="0" />
    <line originx="200" originy="100" endx="200" endy="-300" width="0" />
    <sympin number="1" originx="200" originy="0" rotation="180" length="100" width="7.8740157480315" flipped="False">
      <text name="pinname" originx="230" originy="0" style="Default" rotation="0" justify="left" flipped="False" hidden="False" data="1" />
      <text name="pindes" originx="140" originy="20" style="Default" rotation="0" justify="lowerright" flipped="False" hidden="False" data="1" />
    </sympin>
    <sympin number="2" originx="200" originy="-100" rotation="180" length="100" width="7.8740157480315" flipped="False">
      <text name="pinname" originx="230" originy="-100" style="Default" rotation="0" justify="left" flipped="False" hidden="False" data="2" />
      <text name="pindes" originx="140" originy="-80" style="Default" rotation="0" justify="lowerright" flipped="False" hidden="False" data="2" />
    </sympin>
    <sympin number="3" originx="200" originy="-200" rotation="180" length="100" width="7.8740157480315" flipped="False">
      <text name="pinname" originx="230" originy="-200" style="Default" rotation="0" justify="left" flipped="False" hidden="False" data="3" />
      <text name="pindes" originx="140" originy="-180" style="Default" rotation="0" justify="lowerright" flipped="False" hidden="False" data="3" />
    </sympin>
    <sympin number="4" originx="600" originy="0" rotation="0" length="100" width="7.8740157480315" flipped="False">
      <text name="pinname" originx="570" originy="0" style="Default" rotation="0" justify="right" flipped="False" hidden="False" data="4" />
      <text name="pindes" originx="660" originy="20" style="Default" rotation="0" justify="lowerleft" flipped="False" hidden="False" data="4" />
    </sympin>
    <sympin number="5" originx="600" originy="-100" rotation="0" length="100" width="7.8740157480315" flipped="False">
      <text name="pinname" originx="570" originy="-100" style="Default" rotation="0" justify="right" flipped="False" hidden="False" data="5" />
      <text name="pindes" originx="660" originy="-80" style="Default" rotation="0" justify="lowerleft" flipped="False" hidden="False" data="5" />
    </sympin>
  </symbol>
  <component name="UB-MC5BR3-SDWP604-4S-TF" designatorprefix="J" height="0" footprint="UB-MC5BR3-SDWP604-4S-TF">
    <comppin designator="1" sympin="1" pinswap="0" gateswap="0" gate="1" group="1" side="" type="Any" name="1" />
    <comppin designator="2" sympin="2" pinswap="0" gateswap="0" gate="1" group="1" side="" type="Any" name="2" />
    <comppin designator="3" sympin="3" pinswap="0" gateswap="0" gate="1" group="1" side="" type="Any" name="3" />
    <comppin designator="4" sympin="4" pinswap="0" gateswap="0" gate="1" group="1" side="" type="Any" name="4" />
    <comppin designator="5" sympin="5" pinswap="0" gateswap="0" gate="1" group="1" side="" type="Any" name="5" />
    <attached_symbol gate="1" name="UB-MC5BR3-SDWP604-4S-TF" />
    <pinmap designator="1" footprintpin="1" />
    <pinmap designator="2" footprintpin="2" />
    <pinmap designator="3" footprintpin="3" />
    <pinmap designator="4" footprintpin="4" />
    <pinmap designator="5" footprintpin="5" />
    <text name="Datasheet" originx="0" originy="0" style="Default" rotation="0" justify="" flipped="False" hidden="True" data="http://www.farnell.com/datasheets/2280559.pdf" />
    <text name="Description" originx="0" originy="0" style="Default" rotation="0" justify="" flipped="False" hidden="True" data="JST (JAPAN SOLDERLESS TERMINALS) - UB-MC5BR3-SDWP604-4S-TF - MICRO USB CONN, TYPE B, RECEPTACLE, SMT" />
    <text name="Manufacturer_Name" originx="0" originy="0" style="Default" rotation="0" justify="" flipped="False" hidden="True" data="JST (JAPAN SOLDERLESS TERMINALS)" />
    <text name="Manufacturer_Part_Number" originx="650" originy="200" style="Default" rotation="0" justify="left" flipped="False" hidden="False" data="UB-MC5BR3-SDWP604-4S-TF" />
    <text name="Mouser Part Number" originx="0" originy="0" style="Default" rotation="0" justify="" flipped="False" hidden="True" data="N/A" />
    <text name="Mouser Price/Stock" originx="0" originy="0" style="Default" rotation="0" justify="" flipped="False" hidden="True" data="https://www.mouser.co.uk/ProductDetail/JST/UB-MC5BR3-SDWP604-4S-TF/?qs=Cb2nCFKsA8qNVD%252BCaWq1Jw%3D%3D" />
    <text name="Arrow Part Number" originx="0" originy="0" style="Default" rotation="0" justify="" flipped="False" hidden="True" data="" />
    <text name="Arrow Price/Stock" originx="0" originy="0" style="Default" rotation="0" justify="" flipped="False" hidden="True" data="" />
  </component>
</quadcept_library>
