<?xml version="1.0" encoding="utf-8"?>
<!--/527139/412237/2.48/2/4/Diode/-->
<quadcept_library>
  <setting unit="mil" />
  <textstyle name="Default" height="47.244094488189" strokewidth="7.8740157480315" charwidth="47.244094488189" />
  <textstyle name="Dimension" height="19.6850393700787" strokewidth="0" charwidth="19.6850393700787" />
  <textstyle name="H127W0635TH00762" height="50" strokewidth="3" charwidth="25" />
  <textstyle name="H15W15TH02" height="59.0551181102362" strokewidth="7.8740157480315" charwidth="59.0551181102362" />
  <padstyle name="r80_55" surface="True" plated="False" isvia="False" nopaste="False" nomask="True" complex="False" holesize="0">
    <padshape layer="TOP" shape="rectangle" width="21.653543307086" height="31.496062992126" />
    <padshape layer="TOP_SOLDER_MASK" shape="rectangle" width="29.527559055118" height="39.370078740157" />
    <padshape layer="TOP_SOLDER_PASTE" shape="rectangle" width="21.653543307086" height="31.496062992126" />
  </padstyle>
  <footprint name="ESDA7P601U1M" originx="0" originy="0" pickpointx="0" pickpointy="0">
    <pcbpin number="1" name="1" style="r80_55" originx="-24.606299212598" originy="0" rotation="0" />
    <pcbpin number="2" name="2" style="r80_55" originx="24.606299212598" originy="0" rotation="0" />
    <line layer="TOP_ASSEMBLY" originx="-31.496062992126" originy="19.685039370078" endx="31.496062992126" endy="19.685039370078" width="7.8740157480314" />
    <line layer="TOP_ASSEMBLY" originx="31.496062992126" originy="19.685039370078" endx="31.496062992126" endy="-19.685039370078" width="7.8740157480314" />
    <line layer="TOP_ASSEMBLY" originx="31.496062992126" originy="-19.685039370078" endx="-31.496062992126" endy="-19.685039370078" width="7.8740157480314" />
    <line layer="TOP_ASSEMBLY" originx="-31.496062992126" originy="-19.685039370078" endx="-31.496062992126" endy="19.685039370078" width="7.8740157480314" />
    <line layer="TOP_PLACE_BOUND" originx="-96.456692913385" originy="59.055118110235" endx="74.803149606298" endy="59.055118110235" width="3.9370078740157" />
    <line layer="TOP_PLACE_BOUND" originx="74.803149606298" originy="59.055118110235" endx="74.803149606298" endy="-59.055118110235" width="3.9370078740157" />
    <line layer="TOP_PLACE_BOUND" originx="74.803149606298" originy="-59.055118110235" endx="-96.456692913385" endy="-59.055118110235" width="3.9370078740157" />
    <line layer="TOP_PLACE_BOUND" originx="-96.456692913385" originy="-59.055118110235" endx="-96.456692913385" endy="59.055118110235" width="3.9370078740157" />
    <line layer="TOP_SILKSCREEN" originx="-3.9370078740157" originy="19.685039370078" endx="3.9370078740157" endy="19.685039370078" width="3.9370078740157" />
    <line layer="TOP_SILKSCREEN" originx="-3.9370078740157" originy="-19.685039370078" endx="3.9370078740157" endy="-19.685039370078" width="3.9370078740157" />
    <line layer="TOP_SILKSCREEN" originx="-55.11811023622" originy="0" endx="-55.11811023622" endy="0" width="3.9370078740157" />
    <arc layer="TOP_SILKSCREEN" originx="-55.11811023622" originy="1.9685039370079" startangle="-90.0" sweepangle="-180.0" radius="1.9685039370079" width="3.9370078740157" />
    <line layer="TOP_SILKSCREEN" originx="-55.11811023622" originy="3.9370078740157" endx="-55.11811023622" endy="3.9370078740157" width="3.9370078740157" />
    <arc layer="TOP_SILKSCREEN" originx="-55.11811023622" originy="1.9685039370079" startangle="90.0" sweepangle="-180.0" radius="1.9685039370079" width="3.9370078740157" />
  </footprint>
  <symbol name="ESDA7P60-1U1M" originx="0" originy="0">
    <line originx="200" originy="100" endx="200" endy="-100" width="0" />
    <sympin number="1" originx="200" originy="0" rotation="180" length="100" width="7.8740157480315" flipped="False">
      <text name="pinname" originx="0" originy="-10" style="Default" rotation="0" justify="upperleft" flipped="False" hidden="True" data="K" />
      <text name="pindes" originx="0" originy="10" style="Default" rotation="0" justify="lowerleft" flipped="False" hidden="False" data="1" />
    </sympin>
    <sympin number="2" originx="400" originy="0" rotation="0" length="100" width="7.8740157480315" flipped="False">
      <text name="pinname" originx="600" originy="-10" style="Default" rotation="0" justify="upperright" flipped="False" hidden="True" data="A" />
      <text name="pindes" originx="600" originy="10" style="Default" rotation="0" justify="lowerright" flipped="False" hidden="False" data="2" />
    </sympin>
    <polygon type="polygon">
      <point x="200" y="0" />
      <point x="400" y="100" />
      <point x="400" y="-100" />
    </polygon>
  </symbol>
  <component name="ESDA7P60-1U1M" designatorprefix="D" height="23.622047244094" footprint="ESDA7P601U1M">
    <comppin designator="1" sympin="1" pinswap="0" gateswap="0" gate="1" group="1" side="" type="Any" name="K" />
    <comppin designator="2" sympin="2" pinswap="0" gateswap="0" gate="1" group="1" side="" type="Any" name="A" />
    <attached_symbol gate="1" name="ESDA7P60-1U1M" />
    <pinmap designator="1" footprintpin="1" />
    <pinmap designator="2" footprintpin="2" />
    <text name="Datasheet" originx="0" originy="0" style="Default" rotation="0" justify="" flipped="False" hidden="True" data="https://www.st.com/resource/en/datasheet/esda7p60-1u1m.pdf" />
    <text name="Description" originx="0" originy="0" style="Default" rotation="0" justify="" flipped="False" hidden="True" data="STMicroelectronics ESDA7P60-1U1M Uni-Directional TVS Diode, 700W peak, 2-Pin QFN1610" />
    <text name="Manufacturer_Name" originx="0" originy="0" style="Default" rotation="0" justify="" flipped="False" hidden="True" data="STMicroelectronics" />
    <text name="Manufacturer_Part_Number" originx="450" originy="100" style="Default" rotation="0" justify="left" flipped="False" hidden="False" data="ESDA7P60-1U1M" />
    <text name="Mouser Part Number" originx="0" originy="0" style="Default" rotation="0" justify="" flipped="False" hidden="True" data="511-ESDA7P60-1U1M" />
    <text name="Mouser Price/Stock" originx="0" originy="0" style="Default" rotation="0" justify="" flipped="False" hidden="True" data="https://www.mouser.co.uk/ProductDetail/STMicroelectronics/ESDA7P60-1U1M?qs=kWQV1gtkNnfgxoDhWqG%2FZA%3D%3D" />
    <text name="Arrow Part Number" originx="0" originy="0" style="Default" rotation="0" justify="" flipped="False" hidden="True" data="ESDA7P60-1U1M" />
    <text name="Arrow Price/Stock" originx="0" originy="0" style="Default" rotation="0" justify="" flipped="False" hidden="True" data="https://www.arrow.com/en/products/esda7p60-1u1m/stmicroelectronics" />
  </component>
</quadcept_library>
