<?xml version="1.0" encoding="utf-8"?>
<!--/527484/412237/2.48/6/4/Connector/-->
<quadcept_library>
  <setting unit="mil" />
  <textstyle name="Default" height="47.244094488189" strokewidth="7.8740157480315" charwidth="47.244094488189" />
  <textstyle name="Dimension" height="19.6850393700787" strokewidth="0" charwidth="19.6850393700787" />
  <textstyle name="H127W0635TH00762" height="50" strokewidth="3" charwidth="25" />
  <textstyle name="H15W15TH02" height="59.0551181102362" strokewidth="7.8740157480315" charwidth="59.0551181102362" />
  <padstyle name="c160_h105" surface="False" plated="True" isvia="False" nopaste="True" nomask="True" complex="False" holesize="41.338582677165">
    <padshape layer="TOP" shape="round" width="62.992125984251" height="62.992125984251" />
    <padshape layer="TOP_SOLDER_MASK" shape="round" width="70.866141732283" height="70.866141732283" />
    <padshape layer="INNER" shape="round" width="62.992125984251" height="62.992125984251" />
    <padshape layer="BOTTOM" shape="round" width="62.992125984251" height="62.992125984251" />
    <padshape layer="BOTTOM_SOLDER_MASK" shape="round" width="70.866141732283" height="70.866141732283" />
  </padstyle>
  <padstyle name="c140_h140" surface="False" plated="True" isvia="False" nopaste="True" nomask="True" complex="False" holesize="55.11811023622">
    <padshape layer="TOP" shape="round" width="55.11811023622" height="55.11811023622" />
    <padshape layer="TOP_SOLDER_MASK" shape="round" width="62.992125984251" height="62.992125984251" />
    <padshape layer="INNER" shape="round" width="55.11811023622" height="55.11811023622" />
    <padshape layer="BOTTOM" shape="round" width="55.11811023622" height="55.11811023622" />
    <padshape layer="BOTTOM_SOLDER_MASK" shape="round" width="62.992125984251" height="62.992125984251" />
  </padstyle>
  <footprint name="55932-0610" originx="0" originy="0" pickpointx="0" pickpointy="0">
    <pcbpin number="1" name="1" style="c160_h105" originx="-196.85039370078" originy="118.11023622047" rotation="90" />
    <pcbpin number="2" name="2" style="c160_h105" originx="-118.11023622047" originy="118.11023622047" rotation="90" />
    <pcbpin number="3" name="3" style="c160_h105" originx="-39.370078740157" originy="118.11023622047" rotation="90" />
    <pcbpin number="4" name="4" style="c160_h105" originx="39.370078740157" originy="118.11023622047" rotation="90" />
    <pcbpin number="5" name="5" style="c160_h105" originx="118.11023622047" originy="118.11023622047" rotation="90" />
    <pcbpin number="6" name="6" style="c160_h105" originx="196.85039370078" originy="118.11023622047" rotation="90" />
    <pcbpin number="7" name="7" style="c140_h140" originx="275.5905511811" originy="192.91338582677" rotation="90" />
    <line layer="TOP_SILKSCREEN" originx="-314.96062992126" originy="263.77952755905" endx="314.96062992126" endy="263.77952755905" width="7.8740157480314" />
    <line layer="TOP_SILKSCREEN" originx="314.96062992126" originy="263.77952755905" endx="314.96062992126" endy="0" width="7.8740157480314" />
    <line layer="TOP_SILKSCREEN" originx="314.96062992126" originy="0" endx="-314.96062992126" endy="0" width="7.8740157480314" />
    <line layer="TOP_SILKSCREEN" originx="-314.96062992126" originy="0" endx="-314.96062992126" endy="263.77952755905" width="7.8740157480314" />
    <line layer="TOP_ASSEMBLY" originx="-314.96062992126" originy="0" endx="-314.96062992126" endy="263.77952755905" width="7.8740157480314" />
    <line layer="TOP_ASSEMBLY" originx="-314.96062992126" originy="263.77952755905" endx="314.96062992126" endy="263.77952755905" width="7.8740157480314" />
    <line layer="TOP_ASSEMBLY" originx="314.96062992126" originy="263.77952755905" endx="314.96062992126" endy="0" width="7.8740157480314" />
    <line layer="TOP_ASSEMBLY" originx="314.96062992126" originy="0" endx="-314.96062992126" endy="0" width="7.8740157480314" />
    <arc layer="TOP_SILKSCREEN" originx="-200.03937007874" originy="-22.795275590551" startangle="180" sweepangle="180" radius="1.5354330708661" width="7.8740157480314" />
    <arc layer="TOP_SILKSCREEN" originx="-200.03937007874" originy="-22.795275590551" startangle="180" sweepangle="-180" radius="1.5354330708661" width="7.8740157480314" />
  </footprint>
  <symbol name="55932-0610" originx="0" originy="0">
    <line originx="200" originy="100" endx="600" endy="100" width="0" />
    <line originx="600" originy="-600" endx="600" endy="100" width="0" />
    <line originx="600" originy="-600" endx="200" endy="-600" width="0" />
    <line originx="200" originy="100" endx="200" endy="-600" width="0" />
    <sympin number="1" originx="200" originy="0" rotation="180" length="100" width="7.8740157480315" flipped="False">
      <text name="pinname" originx="230" originy="0" style="Default" rotation="0" justify="left" flipped="False" hidden="False" data="1" />
      <text name="pindes" originx="140" originy="20" style="Default" rotation="0" justify="lowerright" flipped="False" hidden="False" data="1" />
    </sympin>
    <sympin number="2" originx="200" originy="-100" rotation="180" length="100" width="7.8740157480315" flipped="False">
      <text name="pinname" originx="230" originy="-100" style="Default" rotation="0" justify="left" flipped="False" hidden="False" data="2" />
      <text name="pindes" originx="140" originy="-80" style="Default" rotation="0" justify="lowerright" flipped="False" hidden="False" data="2" />
    </sympin>
    <sympin number="3" originx="200" originy="-200" rotation="180" length="100" width="7.8740157480315" flipped="False">
      <text name="pinname" originx="230" originy="-200" style="Default" rotation="0" justify="left" flipped="False" hidden="False" data="3" />
      <text name="pindes" originx="140" originy="-180" style="Default" rotation="0" justify="lowerright" flipped="False" hidden="False" data="3" />
    </sympin>
    <sympin number="4" originx="200" originy="-300" rotation="180" length="100" width="7.8740157480315" flipped="False">
      <text name="pinname" originx="230" originy="-300" style="Default" rotation="0" justify="left" flipped="False" hidden="False" data="4" />
      <text name="pindes" originx="140" originy="-280" style="Default" rotation="0" justify="lowerright" flipped="False" hidden="False" data="4" />
    </sympin>
    <sympin number="5" originx="200" originy="-400" rotation="180" length="100" width="7.8740157480315" flipped="False">
      <text name="pinname" originx="230" originy="-400" style="Default" rotation="0" justify="left" flipped="False" hidden="False" data="5" />
      <text name="pindes" originx="140" originy="-380" style="Default" rotation="0" justify="lowerright" flipped="False" hidden="False" data="5" />
    </sympin>
    <sympin number="6" originx="200" originy="-500" rotation="180" length="100" width="7.8740157480315" flipped="False">
      <text name="pinname" originx="230" originy="-500" style="Default" rotation="0" justify="left" flipped="False" hidden="False" data="6" />
      <text name="pindes" originx="140" originy="-480" style="Default" rotation="0" justify="lowerright" flipped="False" hidden="False" data="6" />
    </sympin>
  </symbol>
  <component name="55932-0610" designatorprefix="J" height="0" footprint="55932-0610">
    <comppin designator="1" sympin="1" pinswap="0" gateswap="0" gate="1" group="1" side="" type="Any" name="1" />
    <comppin designator="2" sympin="2" pinswap="0" gateswap="0" gate="1" group="1" side="" type="Any" name="2" />
    <comppin designator="3" sympin="3" pinswap="0" gateswap="0" gate="1" group="1" side="" type="Any" name="3" />
    <comppin designator="4" sympin="4" pinswap="0" gateswap="0" gate="1" group="1" side="" type="Any" name="4" />
    <comppin designator="5" sympin="5" pinswap="0" gateswap="0" gate="1" group="1" side="" type="Any" name="5" />
    <comppin designator="6" sympin="6" pinswap="0" gateswap="0" gate="1" group="1" side="" type="Any" name="6" />
    <attached_symbol gate="1" name="55932-0610" />
    <pinmap designator="1" footprintpin="1" />
    <pinmap designator="2" footprintpin="2" />
    <pinmap designator="3" footprintpin="3" />
    <pinmap designator="4" footprintpin="4" />
    <pinmap designator="5" footprintpin="5" />
    <pinmap designator="6" footprintpin="6" />
    <text name="Datasheet" originx="0" originy="0" style="Default" rotation="0" justify="" flipped="False" hidden="True" data="http://www.molex.com/pdm_docs/sd/559320610_sd.pdf" />
    <text name="Description" originx="0" originy="0" style="Default" rotation="0" justify="" flipped="False" hidden="True" data="Molex MICROCLASP Series, Series Number 55932, 2mm Pitch 6 Way 1 Row Straight PCB Header, Solder Termination, 3A" />
    <text name="Manufacturer_Name" originx="0" originy="0" style="Default" rotation="0" justify="" flipped="False" hidden="True" data="Molex" />
    <text name="Manufacturer_Part_Number" originx="650" originy="200" style="Default" rotation="0" justify="left" flipped="False" hidden="False" data="55932-0610" />
    <text name="Mouser Part Number" originx="0" originy="0" style="Default" rotation="0" justify="" flipped="False" hidden="True" data="538-55932-0610" />
    <text name="Mouser Price/Stock" originx="0" originy="0" style="Default" rotation="0" justify="" flipped="False" hidden="True" data="https://www.mouser.co.uk/ProductDetail/Molex/55932-0610?qs=iFujUUZFeMIOtBrdbJdj4Q%3D%3D" />
    <text name="Arrow Part Number" originx="0" originy="0" style="Default" rotation="0" justify="" flipped="False" hidden="True" data="" />
    <text name="Arrow Price/Stock" originx="0" originy="0" style="Default" rotation="0" justify="" flipped="False" hidden="True" data="" />
  </component>
</quadcept_library>
