<?xml version="1.0" encoding="utf-8"?>
<!--/315445/412237/2.48/6/4/Integrated Circuit/-->
<quadcept_library>
  <setting unit="mil" />
  <textstyle name="Default" height="47.244094488189" strokewidth="7.8740157480315" charwidth="47.244094488189" />
  <textstyle name="Dimension" height="19.6850393700787" strokewidth="0" charwidth="19.6850393700787" />
  <textstyle name="H127W0635TH00762" height="50" strokewidth="3" charwidth="25" />
  <textstyle name="H15W15TH02" height="59.0551181102362" strokewidth="7.8740157480315" charwidth="59.0551181102362" />
  <padstyle name="r85_30" surface="True" plated="False" isvia="False" nopaste="False" nomask="True" complex="False" holesize="0">
    <padshape layer="TOP" shape="rectangle" width="11.811023622047" height="33.464566929133" />
    <padshape layer="TOP_SOLDER_PASTE" shape="rectangle" width="11.811023622047" height="33.464566929133" />
    <padshape layer="TOP_SOLDER_MASK" shape="rectangle" width="19.685039370078" height="41.338582677165" />
  </padstyle>
  <footprint name="SON50P150X170X55-6N" originx="0" originy="0" pickpointx="0" pickpointy="0">
    <pcbpin number="1" name="1" style="r85_30" originx="-27.55905511811" originy="19.685039370078" rotation="90" />
    <pcbpin number="2" name="2" style="r85_30" originx="-27.55905511811" originy="0" rotation="90" />
    <pcbpin number="3" name="3" style="r85_30" originx="-27.55905511811" originy="-19.685039370078" rotation="90" />
    <pcbpin number="4" name="4" style="r85_30" originx="27.55905511811" originy="-19.685039370078" rotation="90" />
    <pcbpin number="5" name="5" style="r85_30" originx="27.55905511811" originy="0" rotation="90" />
    <pcbpin number="6" name="6" style="r85_30" originx="27.55905511811" originy="19.685039370078" rotation="90" />
    <line layer="TOP_PLACE_BOUND" originx="-54.133858267716" originy="44.291338582677" endx="54.133858267716" endy="44.291338582677" width="1.9685039370079" />
    <line layer="TOP_PLACE_BOUND" originx="54.133858267716" originy="44.291338582677" endx="54.133858267716" endy="-44.291338582677" width="1.9685039370079" />
    <line layer="TOP_PLACE_BOUND" originx="54.133858267716" originy="-44.291338582677" endx="-54.133858267716" endy="-44.291338582677" width="1.9685039370079" />
    <line layer="TOP_PLACE_BOUND" originx="-54.133858267716" originy="-44.291338582677" endx="-54.133858267716" endy="44.291338582677" width="1.9685039370079" />
    <line layer="TOP_ASSEMBLY" originx="-29.527559055118" originy="33.464566929133" endx="29.527559055118" endy="33.464566929133" width="3.9370078740157" />
    <line layer="TOP_ASSEMBLY" originx="29.527559055118" originy="33.464566929133" endx="29.527559055118" endy="-33.464566929133" width="3.9370078740157" />
    <line layer="TOP_ASSEMBLY" originx="29.527559055118" originy="-33.464566929133" endx="-29.527559055118" endy="-33.464566929133" width="3.9370078740157" />
    <line layer="TOP_ASSEMBLY" originx="-29.527559055118" originy="-33.464566929133" endx="-29.527559055118" endy="33.464566929133" width="3.9370078740157" />
    <line layer="TOP_ASSEMBLY" originx="-29.527559055118" originy="18.700787401575" endx="-14.763779527559" endy="33.464566929133" width="3.9370078740157" />
    <arc layer="TOP_SILKSCREEN" originx="-44.291338582677" originy="45.275590551181" startangle="180" sweepangle="180" radius="4.9212598425196" width="9.8425196850392" />
    <arc layer="TOP_SILKSCREEN" originx="-44.291338582677" originy="45.275590551181" startangle="180" sweepangle="-180" radius="4.9212598425196" width="9.8425196850392" />
  </footprint>
  <symbol name="ECMF02-2AMX6" originx="0" originy="0">
    <line originx="200" originy="100" endx="800" endy="100" width="0" />
    <line originx="800" originy="-300" endx="800" endy="100" width="0" />
    <line originx="800" originy="-300" endx="200" endy="-300" width="0" />
    <line originx="200" originy="100" endx="200" endy="-300" width="0" />
    <sympin number="1" originx="200" originy="0" rotation="180" length="100" width="7.8740157480315" flipped="False">
      <text name="pinname" originx="230" originy="0" style="Default" rotation="0" justify="left" flipped="False" hidden="False" data="D_1" />
      <text name="pindes" originx="140" originy="20" style="Default" rotation="0" justify="lowerright" flipped="False" hidden="False" data="1" />
    </sympin>
    <sympin number="2" originx="200" originy="-100" rotation="180" length="100" width="7.8740157480315" flipped="False">
      <text name="pinname" originx="230" originy="-100" style="Default" rotation="0" justify="left" flipped="False" hidden="False" data="D_2" />
      <text name="pindes" originx="140" originy="-80" style="Default" rotation="0" justify="lowerright" flipped="False" hidden="False" data="2" />
    </sympin>
    <sympin number="3" originx="200" originy="-200" rotation="180" length="100" width="7.8740157480315" flipped="False">
      <text name="pinname" originx="230" originy="-200" style="Default" rotation="0" justify="left" flipped="False" hidden="False" data="GND" />
      <text name="pindes" originx="140" originy="-180" style="Default" rotation="0" justify="lowerright" flipped="False" hidden="False" data="3" />
    </sympin>
    <sympin number="6" originx="800" originy="0" rotation="0" length="100" width="7.8740157480315" flipped="False">
      <text name="pinname" originx="770" originy="0" style="Default" rotation="0" justify="right" flipped="False" hidden="False" data="D+" />
      <text name="pindes" originx="860" originy="20" style="Default" rotation="0" justify="lowerleft" flipped="False" hidden="False" data="6" />
    </sympin>
    <sympin number="5" originx="800" originy="-100" rotation="0" length="100" width="7.8740157480315" flipped="False">
      <text name="pinname" originx="770" originy="-100" style="Default" rotation="0" justify="right" flipped="False" hidden="False" data="D-" />
      <text name="pindes" originx="860" originy="-80" style="Default" rotation="0" justify="lowerleft" flipped="False" hidden="False" data="5" />
    </sympin>
    <sympin number="4" originx="800" originy="-200" rotation="0" length="100" width="7.8740157480315" flipped="False">
      <text name="pinname" originx="770" originy="-200" style="Default" rotation="0" justify="right" flipped="False" hidden="False" data="NC" />
      <text name="pindes" originx="860" originy="-180" style="Default" rotation="0" justify="lowerleft" flipped="False" hidden="False" data="4" />
    </sympin>
  </symbol>
  <component name="ECMF02-2AMX6" designatorprefix="IC" height="21.653543307086" footprint="SON50P150X170X55-6N">
    <comppin designator="1" sympin="1" pinswap="0" gateswap="0" gate="1" group="1" side="" type="Any" name="D_1" />
    <comppin designator="2" sympin="2" pinswap="0" gateswap="0" gate="1" group="1" side="" type="Any" name="D_2" />
    <comppin designator="3" sympin="3" pinswap="0" gateswap="0" gate="1" group="1" side="" type="Any" name="GND" />
    <comppin designator="4" sympin="4" pinswap="0" gateswap="0" gate="1" group="1" side="" type="Any" name="NC" />
    <comppin designator="5" sympin="5" pinswap="0" gateswap="0" gate="1" group="1" side="" type="Any" name="D-" />
    <comppin designator="6" sympin="6" pinswap="0" gateswap="0" gate="1" group="1" side="" type="Any" name="D+" />
    <attached_symbol gate="1" name="ECMF02-2AMX6" />
    <pinmap designator="1" footprintpin="1" />
    <pinmap designator="2" footprintpin="2" />
    <pinmap designator="3" footprintpin="3" />
    <pinmap designator="4" footprintpin="4" />
    <pinmap designator="5" footprintpin="5" />
    <pinmap designator="6" footprintpin="6" />
    <text name="Datasheet" originx="0" originy="0" style="Default" rotation="0" justify="" flipped="False" hidden="True" data="http://www.st.com/content/ccc/resource/technical/document/datasheet/3a/28/cf/d0/31/63/48/8c/CD00282307.pdf/files/CD00282307.pdf/jcr:content/translations/en.CD00282307.pdf" />
    <text name="Description" originx="0" originy="0" style="Default" rotation="0" justify="" flipped="False" hidden="True" data="Common Mode Filter &amp; ESD Prot. USB uQFN6 STMicroelectronics ECMF02 Series, Signal Filter, 200mA uQFN SMD, Flat Contact Termination, 1.8 x 1.6 x 0.5mm" />
    <text name="Manufacturer_Name" originx="0" originy="0" style="Default" rotation="0" justify="" flipped="False" hidden="True" data="STMicroelectronics" />
    <text name="Manufacturer_Part_Number" originx="850" originy="200" style="Default" rotation="0" justify="left" flipped="False" hidden="False" data="ECMF02-2AMX6" />
    <text name="Mouser Part Number" originx="0" originy="0" style="Default" rotation="0" justify="" flipped="False" hidden="True" data="511-ECMF02-2AMX6" />
    <text name="Mouser Price/Stock" originx="0" originy="0" style="Default" rotation="0" justify="" flipped="False" hidden="True" data="https://www.mouser.co.uk/ProductDetail/STMicroelectronics/ECMF02-2AMX6/?qs=raAh8RbVwI65u5gmT42%2Flg%3D%3D" />
    <text name="Arrow Part Number" originx="0" originy="0" style="Default" rotation="0" justify="" flipped="False" hidden="True" data="ECMF02-2AMX6" />
    <text name="Arrow Price/Stock" originx="0" originy="0" style="Default" rotation="0" justify="" flipped="False" hidden="True" data="https://www.arrow.com/en/products/ecmf02-2amx6/stmicroelectronics" />
  </component>
</quadcept_library>
