<?xml version="1.0" encoding="utf-8"?>
<!--/2223/412237/2.48/5/3/Integrated Circuit/-->
<quadcept_library>
  <setting unit="mil" />
  <textstyle name="Default" height="47.244094488189" strokewidth="7.8740157480315" charwidth="47.244094488189" />
  <textstyle name="Dimension" height="19.6850393700787" strokewidth="0" charwidth="19.6850393700787" />
  <textstyle name="H127W0635TH00762" height="50" strokewidth="3" charwidth="25" />
  <textstyle name="H15W15TH02" height="59.0551181102362" strokewidth="7.8740157480315" charwidth="59.0551181102362" />
  <padstyle name="r115_60" surface="True" plated="False" isvia="False" nopaste="False" nomask="True" complex="False" holesize="0">
    <padshape layer="TOP" shape="rectangle" width="23.622047244094" height="45.275590551181" />
    <padshape layer="TOP_SOLDER_MASK" shape="rectangle" width="31.496062992126" height="53.149606299212" />
    <padshape layer="TOP_SOLDER_PASTE" shape="rectangle" width="23.622047244094" height="45.275590551181" />
  </padstyle>
  <footprint name="SOT95P280X145-5N" originx="0" originy="0" pickpointx="0" pickpointy="0">
    <pcbpin number="1" name="1" style="r115_60" originx="-49.212598425196" originy="37.401574803149" rotation="90" />
    <pcbpin number="2" name="2" style="r115_60" originx="-49.212598425196" originy="0" rotation="90" />
    <pcbpin number="3" name="3" style="r115_60" originx="-49.212598425196" originy="-37.401574803149" rotation="90" />
    <pcbpin number="4" name="4" style="r115_60" originx="49.212598425196" originy="-37.401574803149" rotation="90" />
    <pcbpin number="5" name="5" style="r115_60" originx="49.212598425196" originy="37.401574803149" rotation="90" />
    <line layer="TOP_PLACE_BOUND" originx="-81.692913385826" originy="67.913385826771" endx="81.692913385826" endy="67.913385826771" width="1.9685039370079" />
    <line layer="TOP_PLACE_BOUND" originx="81.692913385826" originy="67.913385826771" endx="81.692913385826" endy="-67.913385826771" width="1.9685039370079" />
    <line layer="TOP_PLACE_BOUND" originx="81.692913385826" originy="-67.913385826771" endx="-81.692913385826" endy="-67.913385826771" width="1.9685039370079" />
    <line layer="TOP_PLACE_BOUND" originx="-81.692913385826" originy="-67.913385826771" endx="-81.692913385826" endy="67.913385826771" width="1.9685039370079" />
    <line layer="TOP_ASSEMBLY" originx="-31.496062992126" originy="58.070866141732" endx="31.496062992126" endy="58.070866141732" width="3.9370078740157" />
    <line layer="TOP_ASSEMBLY" originx="31.496062992126" originy="58.070866141732" endx="31.496062992126" endy="-58.070866141732" width="3.9370078740157" />
    <line layer="TOP_ASSEMBLY" originx="31.496062992126" originy="-58.070866141732" endx="-31.496062992126" endy="-58.070866141732" width="3.9370078740157" />
    <line layer="TOP_ASSEMBLY" originx="-31.496062992126" originy="-58.070866141732" endx="-31.496062992126" endy="58.070866141732" width="3.9370078740157" />
    <line layer="TOP_ASSEMBLY" originx="-31.496062992126" originy="20.669291338582" endx="5.9055118110235" endy="58.070866141732" width="3.9370078740157" />
    <line layer="TOP_SILKSCREEN" originx="-12.795275590551" originy="58.070866141732" endx="12.795275590551" endy="58.070866141732" width="7.8740157480314" />
    <line layer="TOP_SILKSCREEN" originx="12.795275590551" originy="58.070866141732" endx="12.795275590551" endy="-58.070866141732" width="7.8740157480314" />
    <line layer="TOP_SILKSCREEN" originx="12.795275590551" originy="-58.070866141732" endx="-12.795275590551" endy="-58.070866141732" width="7.8740157480314" />
    <line layer="TOP_SILKSCREEN" originx="-12.795275590551" originy="-58.070866141732" endx="-12.795275590551" endy="58.070866141732" width="7.8740157480314" />
    <line layer="TOP_SILKSCREEN" originx="-71.850393700787" originy="59.055118110235" endx="-26.574803149606" endy="59.055118110235" width="7.8740157480314" />
  </footprint>
  <symbol name="LD3985M33R" originx="0" originy="0">
    <line originx="200" originy="100" endx="1200" endy="100" width="0" />
    <line originx="1200" originy="-300" endx="1200" endy="100" width="0" />
    <line originx="1200" originy="-300" endx="200" endy="-300" width="0" />
    <line originx="200" originy="100" endx="200" endy="-300" width="0" />
    <sympin number="1" originx="200" originy="0" rotation="180" length="100" width="7.8740157480315" flipped="False">
      <text name="pinname" originx="230" originy="0" style="Default" rotation="0" justify="left" flipped="False" hidden="False" data="VIN" />
      <text name="pindes" originx="140" originy="20" style="Default" rotation="0" justify="lowerright" flipped="False" hidden="False" data="1" />
    </sympin>
    <sympin number="2" originx="200" originy="-100" rotation="180" length="100" width="7.8740157480315" flipped="False">
      <text name="pinname" originx="230" originy="-100" style="Default" rotation="0" justify="left" flipped="False" hidden="False" data="GND" />
      <text name="pindes" originx="140" originy="-80" style="Default" rotation="0" justify="lowerright" flipped="False" hidden="False" data="2" />
    </sympin>
    <sympin number="3" originx="200" originy="-200" rotation="180" length="100" width="7.8740157480315" flipped="False">
      <text name="pinname" originx="230" originy="-200" style="Default" rotation="0" justify="left" flipped="False" hidden="False" data="INHIBIT" />
      <text name="pindes" originx="140" originy="-180" style="Default" rotation="0" justify="lowerright" flipped="False" hidden="False" data="3" />
    </sympin>
    <sympin number="4" originx="1200" originy="0" rotation="0" length="100" width="7.8740157480315" flipped="False">
      <text name="pinname" originx="1170" originy="0" style="Default" rotation="0" justify="right" flipped="False" hidden="False" data="BYPASS" />
      <text name="pindes" originx="1260" originy="20" style="Default" rotation="0" justify="lowerleft" flipped="False" hidden="False" data="4" />
    </sympin>
    <sympin number="5" originx="1200" originy="-100" rotation="0" length="100" width="7.8740157480315" flipped="False">
      <text name="pinname" originx="1170" originy="-100" style="Default" rotation="0" justify="right" flipped="False" hidden="False" data="VOUT" />
      <text name="pindes" originx="1260" originy="-80" style="Default" rotation="0" justify="lowerleft" flipped="False" hidden="False" data="5" />
    </sympin>
  </symbol>
  <component name="LD3985M33R" designatorprefix="IC" height="57.086614173228" footprint="SOT95P280X145-5N">
    <comppin designator="1" sympin="1" pinswap="0" gateswap="0" gate="1" group="1" side="" type="Any" name="VIN" />
    <comppin designator="2" sympin="2" pinswap="0" gateswap="0" gate="1" group="1" side="" type="Any" name="GND" />
    <comppin designator="3" sympin="3" pinswap="0" gateswap="0" gate="1" group="1" side="" type="Any" name="INHIBIT" />
    <comppin designator="4" sympin="4" pinswap="0" gateswap="0" gate="1" group="1" side="" type="Any" name="BYPASS" />
    <comppin designator="5" sympin="5" pinswap="0" gateswap="0" gate="1" group="1" side="" type="Any" name="VOUT" />
    <attached_symbol gate="1" name="LD3985M33R" />
    <pinmap designator="1" footprintpin="1" />
    <pinmap designator="2" footprintpin="2" />
    <pinmap designator="3" footprintpin="3" />
    <pinmap designator="4" footprintpin="4" />
    <pinmap designator="5" footprintpin="5" />
    <text name="Datasheet" originx="0" originy="0" style="Default" rotation="0" justify="" flipped="False" hidden="True" data="http://www.st.com/st-web-ui/static/active/en/resource/technical/document/datasheet/CD00003395.pdf" />
    <text name="Description" originx="0" originy="0" style="Default" rotation="0" justify="" flipped="False" hidden="True" data="LD3985M33R, Low Dropout Voltage Regulator, 0.55A, 3.3V +/-2%, 2.5 to 6Vin, 5-Pin SOT-23" />
    <text name="Manufacturer_Name" originx="0" originy="0" style="Default" rotation="0" justify="" flipped="False" hidden="True" data="STMicroelectronics" />
    <text name="Manufacturer_Part_Number" originx="1250" originy="200" style="Default" rotation="0" justify="left" flipped="False" hidden="False" data="LD3985M33R" />
    <text name="Mouser Part Number" originx="0" originy="0" style="Default" rotation="0" justify="" flipped="False" hidden="True" data="511-LD3985M33R" />
    <text name="Mouser Price/Stock" originx="0" originy="0" style="Default" rotation="0" justify="" flipped="False" hidden="True" data="https://www.mouser.co.uk/ProductDetail/STMicroelectronics/LD3985M33R/?qs=22WmWNTp1rrPOccVv4HZ7A%3D%3D" />
    <text name="Arrow Part Number" originx="0" originy="0" style="Default" rotation="0" justify="" flipped="False" hidden="True" data="LD3985M33R" />
    <text name="Arrow Price/Stock" originx="0" originy="0" style="Default" rotation="0" justify="" flipped="False" hidden="True" data="https://www.arrow.com/en/products/ld3985m33r/stmicroelectronics" />
  </component>
</quadcept_library>
